cell,celltype_final,soma_x_um,soma_y_um,soma_z_um,soma_annot_x_um,soma_annot_y_um,soma_annot_z_um
720575940563388827,OFF SAC,226.748,421.137,20.482,223.76,416.08,81.64
720575940570467752,OFF SAC,1093.22,724.91,16.7784,1089.328,718.368,82.4
720575940559566603,OFF SAC,480.482,617.32,24.9886,479.84,615.392,64.08
720575940559570269,OFF SAC,566.125,737.453,23.8746,564.544,734.224,67.48
720575940559580764,OFF SAC,400.221,445.806,28.9594,399.168,439.04,70.76
720575940570288324,OFF SAC,235.458,606.354,23.7943,232.224,598.112,62.16
720575940559672157,OFF SAC,324.557,547.604,29.7468,321.12,542.688,62.96
720575940559678557,OFF SAC,259.913,600.666,26.4694,255.536,596.496,61.88
720575940570243609,OFF SAC,1024.22,486.574,25.1036,1026.288,485.6,81.76
720575940570496577,OFF SAC,115.466,761.111,19.6118,113.92,759.92,79.72
720575940559748124,OFF SAC,901.024,651.871,25.3104,901.536,649.12,65.24
720575940559803996,OFF SAC,305.568,993.623,24.1556,302.112,990.56,70.68
720575940559842696,OFF SAC,624.924,400.299,25.1279,624.56,396.736,81.76
720575940570183275,OFF SAC,813.339,519.213,26.7863,812.112,514.88,81.64
720575940570124400,OFF SAC,720.55,787.697,30.0702,719.232,784.736,71.04
720575940559979413,OFF SAC,723.8,927.665,32.9704,721.584,923.712,71.32
720575940570103373,OFF SAC,269.359,487.968,28.5436,267.872,482.384,75.92
720575940570098804,OFF SAC,698.627,648.566,26.4367,700.176,648.096,74.6
720575940560100232,OFF SAC,176.19,802.791,24.1248,172.784,800.096,68.76
720575940570232336,OFF SAC,273.897,992.718,24.3103,272.16,991.6,72.08
720575940570542760,OFF SAC,738.036,912.938,32.7188,733.824,911.072,67.6
720575940559488401,OFF SAC,1049.13,479.949,20.3987,1047.888,477.168,80.92
720575940559417636,OFF SAC,436.594,789.326,25.5802,431.888,786.432,57.12
720575940558844452,OFF SAC,738.489,1005.75,28.646,734.288,1000.656,68.04
720575940559010362,OFF SAC,698.397,799.502,24.9522,697.984,796.88,64.48
720575940571004697,OFF SAC,435.627,531.291,26.5837,432.992,526.688,62.96
720575940559063332,OFF SAC,778.769,734.39,27.4214,776.816,730.304,64.84
720575940570992665,OFF SAC,358.125,430.13,25.1217,354.88,425.68,66.88
720575940570964001,OFF SAC,154.469,819.904,26.1382,151.456,817.888,74.16
720575940559131662,OFF SAC,482.39,1081.31,22.7321,480.08,1078.928,73.04
720575940570959796,OFF SAC,391.546,374.191,25.528,388.368,369.584,82.4
720575940559158308,OFF SAC,392.808,492.627,30.0343,389.6,487.712,64.0
720575940570955545,OFF SAC,642.669,678.602,22.5766,640.624,672.512,67.88
720575940570951596,OFF SAC,508.052,649.215,24.3484,504.064,648.08,58.8
720575940559216421,OFF SAC,750.076,811.409,24.5542,749.232,806.48,68.08
720575940559221141,OFF SAC,477.716,1096.85,19.08,475.312,1096.016,81.44
720575940570905625,OFF SAC,681.959,686.884,23.8457,680.0,683.792,65.8
720575940570797089,OFF SAC,505.457,563.335,29.5874,502.528,558.656,64.56
720575940559334603,OFF SAC,673.701,415.82,24.6796,671.568,411.504,79.88
720575940570695201,OFF SAC,314.648,780.86,32.6135,309.2,778.16,53.6
720575940570692063,OFF SAC,138.537,774.285,25.8822,134.896,770.896,78.24
720575940559415185,OFF SAC,288.609,380.768,21.976,287.36,376.88,81.96
720575940570052685,OFF SAC,304.505,952.081,26.8081,300.768,951.52,63.8
720575940558770490,OFF SAC,596.108,569.38,23.9888,593.344,564.688,69.68
720575940560118438,OFF SAC,620.734,921.643,27.3563,618.288,920.208,65.52
720575940570045215,OFF SAC,547.76,909.575,25.6963,542.832,908.064,62.44
720575940560637573,OFF SAC,574.272,422.428,23.7858,572.144,415.968,70.08
720575940560658707,OFF SAC,651.437,398.848,23.5629,650.72,395.648,75.48
720575940569796127,OFF SAC,393.996,575.793,27.6904,389.584,571.232,62.08
720575940569783915,OFF SAC,655.909,484.07,24.3013,655.76,480.016,66.88
720575940569742774,OFF SAC,576.609,550.335,23.528,574.512,545.904,65.92
720575940560733390,OFF SAC,405.238,1044.56,24.6022,404.56,1044.992,68.32
720575940569687373,OFF SAC,779.021,791.27,24.1083,777.04,788.736,69.72
720575940560737616,OFF SAC,341.198,445.563,22.3664,337.184,440.896,65.64
720575940569814297,OFF SAC,603.884,1090.46,24.2198,601.648,1089.92,71.16
720575940560751246,OFF SAC,735.378,574.426,25.4449,732.816,570.448,69.08
720575940560789852,OFF SAC,918.91,1019.44,24.3468,915.232,1017.952,66.8
720575940569645406,OFF SAC,691.989,575.921,26.4779,689.408,575.264,70.12
720575940569628088,OFF SAC,1084.12,917.517,21.5861,1083.968,919.456,81.96
720575940560868542,OFF SAC,235.452,435.855,22.2393,227.696,430.128,81.24
720575940560936016,OFF SAC,191.527,784.847,30.0877,189.04,781.488,74.12
720575940569616566,OFF SAC,602.898,462.7,24.2126,605.456,457.456,66.36
720575940560973218,OFF SAC,738.17,543.352,23.7676,737.104,539.408,66.88
720575940560974570,OFF SAC,646.998,695.572,24.2831,645.44,692.24,66.28
720575940569665974,OFF SAC,485.507,643.526,25.083,483.424,641.056,58.56
720575940560569477,OFF SAC,737.816,878.34,26.6515,736.944,875.088,61.8
720575940560539326,OFF SAC,259.375,547.044,24.9656,255.088,547.456,61.28
720575940560526883,OFF SAC,139.745,853.124,24.6884,135.152,848.096,74.44
720575940570011920,OFF SAC,798.038,455.655,21.3551,795.28,452.0,78.92
720575940570009716,OFF SAC,631.801,645.788,27.248,630.4,641.744,68.08
720575940570004301,OFF SAC,350.485,741.757,24.7954,344.384,740.576,55.04
720575940560286385,OFF SAC,372.076,733.207,31.8313,367.744,730.288,68.24
720575940570003984,OFF SAC,679.779,499.74,21.4721,678.624,492.896,70.12
720575940560303819,OFF SAC,739.305,856.885,26.0146,736.192,855.776,64.68
720575940569939277,OFF SAC,403.44,550.681,25.466,396.928,544.544,62.76
720575940569934276,OFF SAC,318.606,407.752,24.0431,314.624,404.208,75.88
720575940560377829,OFF SAC,230.174,856.03,24.0524,227.456,855.568,65.96
720575940569922488,OFF SAC,552.365,769.536,31.8142,550.336,764.976,72.04
720575940560392426,OFF SAC,667.466,460.426,23.1656,666.816,456.368,69.56
720575940569871949,OFF SAC,649.114,545.416,23.4922,651.936,543.328,72.64
720575940569848926,OFF SAC,400.967,515.175,30.4115,397.216,510.56,65.68
720575940569839467,OFF SAC,324.12,348.815,22.2532,321.52,343.6,81.76
720575940560442059,OFF SAC,427.976,403.525,22.769,426.08,402.224,65.56
720575940560464106,OFF SAC,703.967,691.864,27.9474,702.752,686.992,69.92
720575940569820169,OFF SAC,515.986,296.799,21.9486,515.056,293.088,82.04
720575940569816248,OFF SAC,551.667,561.661,23.411,548.64,554.704,68.76
720575940560526737,OFF SAC,743.674,502.853,23.5604,743.696,498.208,76.76
720575940560144520,OFF SAC,550.017,377.983,22.4545,550.448,375.648,76.6
720575940561024074,OFF SAC,556.229,855.926,28.451,553.52,852.528,68.08
720575940558759829,OFF SAC,277.953,900.407,24.926,273.744,899.488,56.4
720575940571204405,OFF SAC,775.983,774.892,26.9646,775.888,772.464,63.48
720575940572547604,OFF SAC,602.499,714.703,22.9521,597.712,714.912,65.96
720575940557323826,OFF SAC,1050.55,940.729,22.0215,1047.968,940.576,80.04
720575940557330738,OFF SAC,1088.75,940.521,18.7804,1085.136,936.496,79.96
720575940557331610,OFF SAC,502.997,975.624,27.2538,500.256,974.512,58.88
720575940572513812,OFF SAC,583.456,668.261,23.7037,582.64,665.216,69.84
720575940572369441,OFF SAC,698.857,732.442,25.2537,695.648,730.304,65.64
720575940557461763,OFF SAC,1065.08,564.695,23.1623,1066.384,562.656,81.96
720575940572291788,OFF SAC,663.137,943.778,32.0613,660.096,943.824,69.28
720575940557305572,OFF SAC,91.0035,843.829,19.8311,89.568,840.64,80.44
720575940557531170,OFF SAC,891.951,574.869,24.526,892.288,571.264,63.68
720575940572123804,OFF SAC,550.801,358.662,23.591,547.232,353.744,76.56
720575940571934354,OFF SAC,873.021,540.281,26.2533,871.056,534.32,67.92
720575940571824683,OFF SAC,481.909,812.743,28.2367,475.296,809.232,59.72
720575940557737250,OFF SAC,510.116,503.675,29.3656,508.32,500.688,57.48
720575940557787597,OFF SAC,967.763,820.784,29.1327,963.552,816.768,75.68
720575940557793586,OFF SAC,432.77,822.119,29.3313,432.192,819.808,57.12
720575940557875715,OFF SAC,923.591,993.076,23.5358,922.144,991.376,65.56
720575940571671988,OFF SAC,620.928,505.024,25.0833,617.664,501.312,66.24
720575940572159335,OFF SAC,1016.72,787.739,25.1389,1016.592,784.768,67.88
720575940557301732,OFF SAC,156.098,864.454,23.9437,153.536,862.48,75.12
720575940572733501,OFF SAC,501.02,318.542,22.7798,502.816,318.416,80.16
720575940557203844,OFF SAC,500.535,799.162,26.5092,498.272,792.048,60.2
720575940556740423,OFF SAC,725.756,416.943,23.6825,722.784,414.064,73.48
720575940556788227,OFF SAC,911.922,680.263,25.8786,911.104,678.08,66.56
720575940556823271,OFF SAC,533.482,609.32,32.1293,529.728,605.024,73.88
720575940573556124,OFF SAC,474.449,456.692,28.1835,472.864,455.344,59.2
720575940573548545,OFF SAC,551.294,679.922,30.1383,548.8,677.072,70.92
720575940573462684,OFF SAC,494.999,367.836,24.853,492.8,363.856,71.12
720575940556950682,OFF SAC,452.237,415.38,26.2065,449.328,411.264,70.08
720575940573408409,OFF SAC,656.444,657.862,27.4235,652.992,655.056,70.72
720575940573392999,OFF SAC,1045.39,508.674,22.1492,1044.864,504.4,74.96
720575940557013480,OFF SAC,508.959,695.884,33.2268,505.552,688.88,71.56
720575940573205053,OFF SAC,510.578,398.112,26.5992,508.048,395.184,65.36
720575940573180519,OFF SAC,1031.09,918.492,23.6068,1033.312,914.368,74.56
720575940557112553,OFF SAC,332.025,430.939,22.5529,330.064,426.896,67.08
720575940573103105,OFF SAC,740.614,836.97,24.831,742.592,834.384,67.48
720575940573060711,OFF SAC,1064.35,1008.62,21.1264,1062.448,1006.944,82.12
720575940573030657,OFF SAC,1091.43,621.089,18.314,1091.344,619.328,82.24
720575940557163753,OFF SAC,193.598,479.637,21.7699,189.584,476.08,79.68
720575940557167848,OFF SAC,228.547,893.988,25.9089,228.464,892.656,76.12
720575940557198595,OFF SAC,160.985,776.222,29.3495,157.68,773.664,78.64
720575940557932486,OFF SAC,1033.59,1022.47,23.7955,1031.472,1020.432,82.52
720575940558683620,OFF SAC,888.314,489.275,23.8357,886.224,485.648,75.08
720575940557940527,OFF SAC,399.852,725.782,29.8555,397.024,721.648,59.76
720575940557948150,OFF SAC,586.082,1061.15,24.7962,585.376,1060.512,68.84
720575940558314895,OFF SAC,398.476,673.655,31.9614,391.504,669.2,69.44
720575940565735682,OFF SAC,191.644,831.62,28.6686,188.832,829.072,69.0
720575940558350976,OFF SAC,422.859,533.384,25.3292,418.56,528.608,68.72
720575940558367465,OFF SAC,840.872,515.25,23.4732,839.712,512.208,70.52
720575940558369061,OFF SAC,920.239,409.077,20.4732,918.736,405.024,77.44
720575940558376263,OFF SAC,480.85,687.816,25.6537,476.592,685.36,59.72
720575940571232545,OFF SAC,434.344,364.645,23.2997,431.92,360.752,78.12
720575940558419172,OFF SAC,603.103,545.335,24.2781,601.408,541.776,72.8
720575940558278889,OFF SAC,480.154,584.351,25.2149,478.0,580.352,63.08
720575940558450520,OFF SAC,1014.01,959.118,24.2792,1013.856,956.928,82.52
720575940558466793,OFF SAC,364.837,530.051,23.9053,361.184,524.928,56.52
720575940558468487,OFF SAC,550.644,710.631,30.7178,545.184,703.584,72.2
720575940558503438,OFF SAC,355.016,383.454,23.9636,352.672,380.064,74.52
720575940571216747,OFF SAC,349.135,478.812,26.3307,344.96,473.84,60.24
720575940571206942,OFF SAC,773.416,576.083,29.4911,770.96,571.264,71.32
720575940558560600,OFF SAC,789.279,840.238,27.4311,788.304,838.272,62.96
720575940558576361,OFF SAC,755.741,719.569,29.9006,754.384,716.592,66.16
720575940558654734,OFF SAC,569.456,657.685,22.4914,569.616,651.76,66.8
720575940558464454,OFF SAC,739.609,637.398,25.4153,738.4,635.024,67.32
720575940558262275,OFF SAC,643.115,724.701,26.1042,641.104,720.304,64.44
720575940558244706,OFF SAC,773.833,997.697,25.1226,773.04,996.448,60.4
720575940558234503,OFF SAC,706.942,400.092,22.9382,708.608,399.792,79.56
720575940571644977,OFF SAC,752.855,795.476,24.1108,753.664,791.136,66.68
720575940557983960,OFF SAC,228.262,947.749,25.1334,224.192,946.56,71.48
720575940558001142,OFF SAC,387.886,612.814,30.7737,384.272,608.8,61.88
720575940558004739,OFF SAC,498.584,356.164,24.2548,497.296,352.944,75.28
720575940571519199,OFF SAC,366.053,571.495,30.4136,364.848,569.296,62.64
720575940558034699,OFF SAC,587.925,395.136,28.4551,586.368,391.904,78.84
720575940558061952,OFF SAC,677.418,981.579,24.2607,675.92,978.464,61.84
720575940558064886,OFF SAC,817.722,549.045,26.9118,816.544,546.336,77.16
720575940558071501,OFF SAC,656.713,802.201,24.7287,653.28,799.776,60.88
720575940571491137,OFF SAC,759.236,938.188,29.3109,757.36,936.912,67.2
720575940571462324,OFF SAC,692.149,662.449,31.7755,690.912,659.44,78.84
720575940571395807,OFF SAC,492.481,551.257,23.8383,488.496,547.056,56.64
720575940571381291,OFF SAC,876.684,891.505,25.1942,875.68,888.832,61.48
720575940571350635,OFF SAC,432.964,435.229,23.8352,431.744,426.896,64.48
720575940558220516,OFF SAC,931.834,910.132,23.0009,928.624,906.368,66.08
720575940558222460,OFF SAC,1000.54,999.455,26.5055,999.616,997.216,81.2
720575940558228452,OFF SAC,894.417,979.71,27.3952,893.152,978.16,67.56
720575940558229575,OFF SAC,698.004,484.074,23.7137,698.56,480.576,75.52
720575940558231906,OFF SAC,837.6,844.61,24.9484,837.424,843.024,60.64
720575940557946405,OFF SAC,735.268,975.431,24.0178,730.048,974.88,57.12
720575940561076657,OFF SAC,483.786,507.627,28.9782,480.896,502.592,59.0
720575940561120142,OFF SAC,155.57,558.778,21.6671,152.096,553.872,75.12
720575940561141905,OFF SAC,260.359,1000.13,13.3032,257.536,1000.576,65.8
720575940563877357,OFF SAC,214.941,512.395,25.6492,211.184,508.112,75.36
720575940563918437,OFF SAC,184.31,755.502,24.4531,180.272,753.808,71.64
720575940567282281,OFF SAC,336.721,560.388,26.5222,331.616,554.528,60.12
720575940563930741,OFF SAC,836.398,478.621,25.4401,835.344,475.328,79.96
720575940563969909,OFF SAC,607.011,978.347,25.5802,603.616,976.224,61.28
720575940567222284,OFF SAC,887.127,415.474,22.8502,885.488,412.512,76.0
720575940564027105,OFF SAC,715.578,357.902,21.8052,714.512,354.832,81.4
720575940567159814,OFF SAC,211.945,782.242,28.3591,208.624,780.016,65.08
720575940567612012,OFF SAC,773.037,656.022,24.4488,772.592,651.936,67.96
720575940567088862,OFF SAC,815.62,647.807,24.1281,815.424,645.344,68.2
720575940567040514,OFF SAC,398.353,750.863,24.7087,397.056,747.28,56.52
720575940564227624,OFF SAC,863.062,579.202,23.8476,865.6,574.288,71.08
720575940567014140,OFF SAC,456.127,304.826,21.7129,453.584,300.128,81.48
720575940564250864,OFF SAC,872.467,989.032,24.139,873.056,989.152,66.36
720575940566905090,OFF SAC,320.756,596.972,27.0672,317.728,591.104,58.36
720575940566856041,OFF SAC,947.785,1043.66,25.119,945.952,1041.504,74.64
720575940566852994,OFF SAC,538.347,886.977,33.3367,536.352,883.696,69.36
720575940566833949,OFF SAC,618.047,760.677,24.6186,615.552,758.064,65.48
720575940564205352,OFF SAC,426.096,483.496,26.226,418.912,478.432,58.6
720575940563872429,OFF SAC,320.782,519.998,31.0022,316.784,515.424,66.48
720575940567636698,OFF SAC,805.088,844.485,26.8786,807.312,840.768,67.4
720575940567661718,OFF SAC,639.797,373.847,22.2066,638.96,371.456,80.44
720575940563400958,OFF SAC,774.913,641.583,26.5571,774.208,637.072,70.32
720575940563402494,OFF SAC,568.02,584.316,23.7327,568.352,577.712,72.32
720575940568024651,OFF SAC,910.988,448.853,24.4094,911.568,445.84,80.04
720575940567969903,OFF SAC,660.239,599.621,29.7991,658.88,593.888,74.4
720575940567969020,OFF SAC,646.717,992.839,23.2102,646.88,989.072,65.12
720575940567928561,OFF SAC,292.248,455.124,24.6462,288.384,450.24,75.68
720575940563485438,OFF SAC,289.214,976.618,23.0518,288.56,974.128,69.88
720575940567919286,OFF SAC,1022.76,632.012,28.0989,1021.504,629.488,73.2
720575940563525815,OFF SAC,372.798,451.063,24.2192,368.272,443.168,67.04
720575940567885494,OFF SAC,1045.34,589.299,24.271,1044.544,586.048,74.72
720575940567877898,OFF SAC,530.016,427.893,23.4269,529.072,424.16,58.12
720575940563551919,OFF SAC,573.985,614.581,25.5245,571.2,611.424,72.4
720575940563625903,OFF SAC,720.836,722.542,25.0374,721.024,716.192,67.36
720575940567796024,OFF SAC,761.106,545.366,26.0942,764.736,542.08,73.56
720575940563668619,OFF SAC,544.754,522.403,24.5256,540.768,516.64,61.76
720575940563670598,OFF SAC,825.814,598.755,26.1751,822.88,593.872,69.8
720575940567736758,OFF SAC,377.074,369.625,25.2542,374.432,364.384,82.44
720575940563725495,OFF SAC,837.28,583.211,25.1471,837.456,580.144,74.88
720575940567667162,OFF SAC,771.426,950.153,24.2686,770.528,948.56,59.8
720575940564353212,OFF SAC,499.0,593.001,24.9591,494.512,585.6,63.96
720575940563389510,OFF SAC,801.095,992.725,26.7072,800.08,992.16,62.72
720575940564368368,OFF SAC,563.125,460.979,23.2386,561.328,455.136,56.96
720575940564438839,OFF SAC,670.578,572.19,24.5979,667.472,567.936,66.0
720575940565134438,OFF SAC,957.936,473.512,23.5354,959.696,470.48,68.8
720575940566173797,OFF SAC,575.599,829.589,23.6397,572.736,823.984,63.44
720575940566158956,OFF SAC,932.393,576.47,24.5236,932.352,573.152,66.64
720575940566109167,OFF SAC,898.269,888.646,28.6528,901.552,886.528,68.36
720575940565210871,OFF SAC,711.506,937.989,25.3962,710.528,938.32,63.68
720575940565249565,OFF SAC,397.422,422.741,25.2282,393.056,420.176,72.04
720575940566043892,OFF SAC,630.544,708.876,25.8001,629.664,707.744,66.08
720575940565332656,OFF SAC,230.507,987.018,23.6806,227.472,985.472,79.04
720575940565032103,OFF SAC,845.891,823.228,25.087,845.648,821.264,61.44
720575940565952222,OFF SAC,817.395,453.339,22.4835,814.4,448.592,78.12
720575940565434279,OFF SAC,342.199,847.669,26.8703,337.28,846.016,46.8
720575940565922782,OFF SAC,777.082,465.782,22.8457,775.744,462.752,77.36
720575940565486436,OFF SAC,700.616,1038.46,26.2484,699.488,1035.36,63.08
720575940565875444,OFF SAC,513.187,711.974,25.5519,510.496,708.832,59.8
720575940565505245,OFF SAC,631.27,802.533,30.8823,626.736,799.04,67.8
720575940565837570,OFF SAC,303.54,419.641,22.5955,300.144,414.816,73.8
720575940565606391,OFF SAC,684.687,876.616,27.7504,685.696,871.104,63.32
720575940565675677,OFF SAC,754.596,650.109,27.0526,751.936,648.32,74.44
720575940565403010,OFF SAC,888.517,437.718,23.81,887.52,433.728,76.88
720575940565010145,OFF SAC,461.77,508.116,25.983,458.48,501.648,52.76
720575940564979675,OFF SAC,642.883,911.293,25.8301,640.176,908.704,62.24
720575940564971109,OFF SAC,656.246,765.706,22.729,656.592,761.024,65.24
720575940564472783,OFF SAC,415.073,576.277,31.8642,411.92,569.632,69.72
720575940564478140,OFF SAC,709.206,900.22,33.0351,709.232,895.136,69.2
720575940566679671,OFF SAC,628.317,442.583,23.778,626.64,438.592,65.8
720575940564521371,OFF SAC,567.276,686.136,25.9588,563.568,683.008,69.04
720575940566648240,OFF SAC,370.739,470.438,24.2475,367.104,465.648,61.36
720575940566608548,OFF SAC,903.639,542.003,28.8637,902.896,538.016,66.6
720575940564607392,OFF SAC,770.187,673.667,24.1123,769.52,670.88,68.76
720575940564608752,OFF SAC,459.307,709.59,26.8699,456.928,705.728,56.56
720575940566585697,OFF SAC,458.01,1046.17,23.6678,457.504,1044.592,69.32
720575940564618912,OFF SAC,505.279,610.348,25.0993,502.496,606.256,65.64
720575940564625975,OFF SAC,595.179,815.14,26.304,593.504,809.728,66.12
720575940564652960,OFF SAC,810.295,624.092,25.2284,811.072,617.536,74.12
720575940566580577,OFF SAC,219.139,759.232,23.9996,216.24,756.784,59.12
720575940566536812,OFF SAC,643.014,558.53,25.339,639.6,553.936,71.92
720575940564759865,OFF SAC,689.685,612.07,24.198,687.296,609.12,71.36
720575940566508396,OFF SAC,706.995,522.57,24.9762,708.896,517.648,75.6
720575940564826982,OFF SAC,651.388,427.855,26.2533,654.416,424.288,80.72
720575940566373359,OFF SAC,794.001,796.424,25.2715,793.392,793.888,60.52
720575940564889167,OFF SAC,706.549,279.894,10.3236,705.76,275.824,76.0
720575940566765058,OFF SAC,673.302,1043.73,22.4597,671.2,1042.768,63.2
720575940563387718,OFF SAC,855.773,1059.39,23.9598,852.528,1056.656,73.28
720575940568037231,OFF SAC,208.473,472.82,23.3301,204.72,468.976,77.48
720575940563355959,OFF SAC,274.921,656.9,24.4817,270.736,653.488,57.96
720575940561693866,OFF SAC,1080.9,595.126,23.8748,1079.808,592.976,73.84
720575940561695011,OFF SAC,575.746,526.023,29.0341,573.92,519.824,65.44
720575940561705642,OFF SAC,1063.53,630.867,25.7708,1062.304,627.024,76.24
720575940569069297,OFF SAC,318.438,488.037,24.6584,314.48,484.384,64.08
720575940561794186,OFF SAC,895.016,622.85,24.5967,893.6,619.264,67.28
720575940561796700,OFF SAC,660.22,1070.46,23.5315,659.136,1067.04,64.88
720575940561838571,OFF SAC,853.227,690.3,31.0812,849.984,686.896,69.6
720575940561867214,OFF SAC,286.073,412.696,24.9618,283.344,409.808,80.6
720575940569123188,OFF SAC,824.138,816.483,26.7354,821.584,815.456,66.0
720575940569018190,OFF SAC,892.318,1056.8,24.9953,891.248,1055.184,68.36
720575940561899426,OFF SAC,685.452,729.003,26.4111,686.992,729.856,72.2
720575940561962146,OFF SAC,356.878,596.096,26.4987,354.256,593.136,55.8
720575940568968202,OFF SAC,251.049,884.127,25.444,247.04,883.04,62.52
720575940568941831,OFF SAC,832.205,643.839,25.1041,832.224,644.56,68.96
720575940562036878,OFF SAC,302.146,1014.03,23.7786,299.616,1011.312,77.68
720575940562094918,OFF SAC,963.814,699.958,24.4751,963.824,698.944,60.76
720575940568879437,OFF SAC,112.588,823.392,22.4267,109.296,823.248,76.48
720575940568862732,OFF SAC,374.938,536.846,25.8021,371.84,532.384,61.88
720575940569010956,OFF SAC,683.899,852.124,26.9431,682.0,849.28,58.76
720575940561631772,OFF SAC,726.044,802.111,24.4176,727.328,798.0,66.48
720575940569168491,OFF SAC,687.302,431.696,22.0127,685.136,425.584,70.16
720575940561577433,OFF SAC,249.747,954.15,23.0475,249.824,952.736,64.52
720575940569436790,OFF SAC,713.828,422.716,24.4073,716.32,416.208,82.56
720575940561225424,OFF SAC,808.751,954.383,26.6011,807.28,952.176,60.76
720575940569362442,OFF SAC,884.352,943.965,23.7435,882.72,942.336,61.04
720575940561311153,OFF SAC,594.894,694.005,22.8646,595.072,690.736,72.8
720575940561313694,OFF SAC,423.791,338.1,21.9811,421.344,333.824,79.6
720575940561328286,OFF SAC,475.264,300.126,21.6763,473.664,295.568,80.96
720575940569314379,OFF SAC,908.634,506.074,27.586,908.512,501.616,66.32
720575940561367978,OFF SAC,671.253,632.319,22.8263,669.456,630.016,69.48
720575940561375580,OFF SAC,667.338,750.635,23.7552,664.208,747.328,61.24
720575940569285195,OFF SAC,494.88,675.692,30.6331,492.128,670.672,68.32
720575940561387292,OFF SAC,489.901,917.483,26.978,488.528,915.68,61.44
720575940569260554,OFF SAC,686.967,961.617,23.1001,685.76,956.432,62.64
720575940561414046,OFF SAC,113.254,782.396,22.1953,110.688,780.448,77.32
720575940561427408,OFF SAC,347.167,525.625,24.5403,340.512,522.064,59.08
720575940561430224,OFF SAC,293.326,476.744,28.4197,288.56,472.64,72.16
720575940561442908,OFF SAC,434.615,394.275,28.0898,432.688,390.624,74.64
720575940569260107,OFF SAC,474.537,659.355,25.1962,471.584,658.128,61.2
720575940561519018,OFF SAC,449.426,633.667,27.2681,445.792,629.584,58.72
720575940569220018,OFF SAC,689.941,676.754,24.4965,688.048,673.44,67.84
720575940562148542,OFF SAC,267.989,469.015,23.0034,264.576,464.928,67.72
720575940568729594,OFF SAC,697.713,500.204,22.7884,696.928,498.16,69.36
720575940562231502,OFF SAC,1071.9,882.479,24.819,1073.184,879.104,73.56
720575940562250475,OFF SAC,500.993,455.696,23.1875,496.768,451.664,54.4
720575940562966430,OFF SAC,732.536,704.517,25.474,731.168,697.824,70.0
720575940568314357,OFF SAC,682.73,1022.35,23.5544,682.32,1021.12,63.64
720575940563034779,OFF SAC,707.83,444.991,26.8351,708.528,442.224,79.96
720575940563038908,OFF SAC,878.321,386.519,22.1011,877.408,383.088,77.04
720575940563045702,OFF SAC,568.347,396.216,23.7373,566.72,391.728,69.44
720575940563061436,OFF SAC,479.106,419.976,23.2119,477.296,417.424,58.0
720575940568295430,OFF SAC,121.469,692.569,22.2231,118.464,689.728,78.04
720575940568254561,OFF SAC,353.249,812.426,24.9814,347.456,809.168,48.6
720575940563143643,OFF SAC,784.292,343.113,12.7385,783.312,340.16,75.84
720575940568201994,OFF SAC,441.939,330.154,22.3612,438.976,325.52,82.32
720575940568186701,OFF SAC,559.056,255.919,9.35035,557.408,250.528,72.0
720575940568142342,OFF SAC,370.189,407.564,25.3537,366.4,404.144,73.52
720575940563271494,OFF SAC,675.288,775.54,23.2002,671.232,773.792,67.32
720575940563295164,OFF SAC,252.188,414.487,21.0028,249.904,411.184,75.88
720575940568111370,OFF SAC,542.448,657.159,25.1677,538.864,654.256,62.32
720575940563306959,OFF SAC,836.87,418.957,22.0936,838.768,415.072,82.12
720575940563309953,OFF SAC,809.579,1030.69,26.8227,808.32,1029.92,66.24
720575940568050849,OFF SAC,498.459,1037.59,30.9703,496.384,1035.376,76.52
720575940568042714,OFF SAC,439.035,585.392,28.1239,435.248,580.672,66.08
720575940568339873,OFF SAC,596.845,886.058,23.441,593.808,883.872,63.2
720575940573858377,OFF SAC,475.058,344.454,25.5364,473.824,339.2,77.12
720575940562890398,OFF SAC,561.093,597.251,22.5541,559.744,593.68,69.64
720575940562850380,OFF SAC,511.757,1073.2,24.389,509.6,1070.864,75.68
720575940568670558,OFF SAC,1062.94,599.791,27.0838,1061.968,599.504,81.28
720575940562278379,OFF SAC,402.788,484.512,25.2234,395.216,479.216,61.52
720575940568649488,OFF SAC,115.214,723.075,22.7146,113.024,720.048,78.52
720575940562298558,OFF SAC,788.037,565.978,25.939,785.44,561.504,71.56
720575940562343403,OFF SAC,469.003,564.108,28.8673,465.12,561.184,65.68
720575940562345354,OFF SAC,431.2,634.187,26.1802,425.44,627.744,60.92
720575940562377866,OFF SAC,833.518,546.199,24.4166,834.48,539.808,76.2
720575940562430425,OFF SAC,913.501,916.829,22.5242,915.968,916.224,65.36
720575940562508286,OFF SAC,849.686,406.913,23.0672,847.76,404.336,78.12
720575940568556143,OFF SAC,958.609,1004.67,29.1942,961.408,1004.064,81.08
720575940562521271,OFF SAC,620.902,552.674,29.4551,618.096,548.224,73.84
720575940562531774,OFF SAC,782.302,946.448,24.8832,784.848,945.408,60.84
720575940562599422,OFF SAC,878.795,469.315,23.3092,879.008,466.416,74.8
720575940562612990,OFF SAC,936.528,460.224,24.3516,935.872,459.184,73.4
720575940568510898,OFF SAC,166.876,747.957,23.6204,162.8,743.712,70.68
720575940562667737,OFF SAC,761.738,596.383,24.3344,761.872,594.304,70.72
720575940568395120,OFF SAC,401.568,704.911,22.9608,397.792,700.8,61.84
720575940562834923,OFF SAC,696.111,919.79,30.9731,693.152,914.304,67.2
720575940568389151,OFF SAC,229.617,559.096,28.6085,224.384,553.2,69.12
720575940562853790,OFF SAC,551.896,484.047,24.669,549.856,480.016,56.08
720575940556674612,OFF SAC,762.631,624.4,30.6703,761.68,621.6,75.52
720575940558333126,OFF SAC,589.323,505.357,31.1521,587.888,501.376,71.96
720575940579242128,OFF SAC,150.683,599.215,27.8494,145.888,595.44,82.16
720575940577527317,OFF SAC,865.877,958.511,28.3657,867.184,953.872,67.32
720575940550355936,OFF SAC,541.185,415.234,11.1178,539.744,410.224,48.92
720575940577530825,OFF SAC,176.529,678.222,24.8637,173.6,675.76,68.28
720575940577542330,OFF SAC,761.289,433.772,23.6421,760.016,431.552,80.92
720575940553779456,OFF SAC,361.901,1036.43,23.659,359.28,1033.152,69.88
720575940550369888,OFF SAC,396.648,411.922,25.8479,393.04,406.272,79.52
720575940577550277,OFF SAC,822.856,1006.73,22.5502,822.032,1005.088,62.6
720575940553731235,OFF SAC,592.474,443.329,25.693,590.288,440.096,69.68
720575940577594057,OFF SAC,621.236,381.267,23.6494,619.44,376.672,75.64
720575940553716387,OFF SAC,646.074,600.626,24.0855,644.128,599.808,71.16
720575940550478249,OFF SAC,227.748,532.99,25.4059,224.672,529.024,65.28
720575940553711872,OFF SAC,344.543,402.504,25.9849,341.664,399.312,72.48
720575940577637443,OFF SAC,741.269,778.298,25.3295,738.48,777.168,65.32
720575940553836501,OFF SAC,388.233,594.563,24.2273,384.752,587.52,58.16
720575940553673155,OFF SAC,816.431,678.908,24.9974,814.368,676.704,67.0
720575940550498902,OFF SAC,381.839,911.997,30.8778,378.512,911.168,69.84
720575940553601536,OFF SAC,714.753,487.024,27.4714,712.528,483.296,77.4
720575940550542139,OFF SAC,463.806,371.5,24.3624,461.616,366.992,76.2
720575940577816380,OFF SAC,1069.63,960.265,21.7883,1068.976,958.528,80.84
720575940553536419,OFF SAC,443.317,893.518,23.2056,440.688,889.232,60.04
720575940582211693,OFF SAC,602.403,667.645,25.4257,600.144,665.328,71.48
720575940553521877,OFF SAC,314.567,453.517,27.2934,310.752,452.208,72.44
720575940578092447,OFF SAC,455.057,776.986,24.7161,451.104,777.248,54.44
720575940582017901,OFF SAC,776.148,498.752,24.134,775.44,495.584,70.16
720575940553385815,OFF SAC,524.074,363.036,26.1325,522.032,359.648,78.12
720575940553347328,OFF SAC,431.647,596.27,26.1373,431.344,591.44,67.64
720575940550753888,OFF SAC,1025.39,989.677,24.3003,1023.936,986.032,78.4
720575940581963272,OFF SAC,1038.7,593.685,27.6466,1037.824,591.52,81.08
720575940553637207,OFF SAC,733.443,465.772,25.9085,731.28,462.08,75.0
720575940578442005,OFF SAC,259.779,676.33,32.4161,256.448,674.992,62.8
720575940577515209,OFF SAC,603.613,689.219,22.375,600.528,686.224,75.76
720575940550229563,OFF SAC,998.972,1079.07,21.8668,999.184,1074.688,82.44
720575940576325585,OFF SAC,1054.0,529.614,22.2801,1054.0,526.304,82.32
720575940583862830,OFF SAC,609.816,516.685,23.5939,607.488,512.432,67.0
720575940576334525,OFF SAC,530.415,560.423,23.9813,529.632,556.272,68.6
720575940548656057,OFF SAC,721.523,615.808,28.5033,723.744,614.864,77.68
720575940554835363,OFF SAC,521.319,632.007,24.4498,517.872,628.16,62.96
720575940548731577,OFF SAC,724.932,602.92,25.2763,726.608,598.24,69.4
720575940554817318,OFF SAC,850.056,537.728,24.1269,847.712,534.528,72.16
720575940554806826,OFF SAC,1018.93,571.683,29.2264,1019.104,567.76,70.88
720575940576551854,OFF SAC,606.369,598.512,24.8098,604.48,594.432,76.48
720575940549149830,OFF SAC,454.848,591.63,30.5275,451.28,585.216,73.84
720575940576689731,OFF SAC,702.366,344.75,19.9063,701.28,340.432,81.0
720575940549152980,OFF SAC,841.296,624.199,23.8118,839.776,621.136,67.0
720575940554666583,OFF SAC,663.202,642.285,23.7243,662.256,635.36,68.88
720575940550236386,OFF SAC,342.25,1033.89,23.4997,337.136,1033.008,79.16
720575940554656742,OFF SAC,471.665,533.995,26.0058,468.816,529.232,62.08
720575940554519127,OFF SAC,616.583,531.518,22.8384,616.544,529.36,68.12
720575940549508155,OFF SAC,205.813,904.726,27.319,203.136,902.432,82.56
720575940549637691,OFF SAC,531.939,826.981,26.2652,529.648,823.312,59.48
720575940582833351,OFF SAC,846.839,920.284,26.1135,844.272,914.544,62.6
720575940576964089,OFF SAC,278.407,1023.29,21.2099,275.952,1020.176,79.08
720575940577088453,OFF SAC,986.76,432.735,20.7983,986.672,429.648,79.0
720575940550087906,OFF SAC,792.149,532.039,24.1069,794.768,530.48,78.36
720575940577100413,OFF SAC,866.369,566.667,25.7632,867.84,566.48,69.4
720575940577173013,OFF SAC,247.352,889.419,31.1806,245.344,887.28,67.72
720575940550203963,OFF SAC,970.632,1062.53,23.7123,967.904,1061.152,75.92
720575940550219606,OFF SAC,847.589,461.139,24.6292,848.176,458.016,80.92
720575940577379502,OFF SAC,880.773,901.355,31.4809,881.184,898.752,65.96
720575940553947555,OFF SAC,1086.81,677.533,23.8707,1084.208,673.28,80.88
720575940554544983,OFF SAC,464.707,399.868,23.3597,461.488,398.272,65.56
720575940576161108,OFF SAC,460.254,446.851,25.1252,456.176,440.48,59.08
720575940553314117,OFF SAC,810.98,430.61,22.1533,810.768,428.192,81.76
720575940581850989,OFF SAC,738.942,738.068,30.1887,736.976,732.656,67.8
720575940551408096,OFF SAC,919.429,1086.38,23.7627,917.28,1081.472,75.68
720575940552741389,OFF SAC,508.872,390.604,23.9568,507.072,385.584,69.96
720575940552714586,OFF SAC,624.308,478.48,29.6158,623.136,474.096,74.16
720575940581362558,OFF SAC,515.1,444.247,22.9184,511.936,439.328,53.08
720575940579882186,OFF SAC,582.955,759.906,24.5965,578.96,754.384,66.44
720575940552598106,OFF SAC,1006.69,608.932,22.8684,1005.296,605.952,64.56
720575940581359481,OFF SAC,372.961,788.274,26.5328,370.528,785.952,56.2
720575940552567551,OFF SAC,1043.36,904.09,24.3217,1042.048,902.496,73.16
720575940552512090,OFF SAC,574.381,705.939,23.4209,573.776,702.496,67.24
720575940579980921,OFF SAC,675.522,550.794,24.1486,676.704,551.36,72.72
720575940581264729,OFF SAC,292.347,505.953,25.549,286.64,503.856,62.76
720575940552402115,OFF SAC,635.979,572.724,23.3401,632.224,569.392,68.44
720575940552367317,OFF SAC,611.15,403.91,28.5571,609.312,400.656,81.76
720575940552800584,OFF SAC,361.066,499.306,25.1609,357.328,494.144,57.64
720575940551690917,OFF SAC,818.588,483.032,24.3969,817.008,479.696,78.28
720575940552252689,OFF SAC,551.854,323.473,22.1416,550.192,320.944,79.08
720575940552243264,OFF SAC,528.198,689.202,24.0724,522.944,684.672,64.72
720575940580326288,OFF SAC,608.427,1027.84,26.5975,609.456,1025.424,67.28
720575940552145535,OFF SAC,700.389,556.774,22.013,698.864,554.048,65.64
720575940551741605,OFF SAC,297.843,526.948,27.7229,290.48,520.224,59.28
720575940551822501,OFF SAC,679.395,716.205,25.2307,676.384,711.984,63.4
720575940552042665,OFF SAC,457.888,611.887,29.4203,454.896,607.616,66.16
720575940580811885,OFF SAC,552.074,412.417,28.2237,550.784,407.376,71.04
720575940580437392,OFF SAC,490.704,474.126,24.7214,489.216,469.52,51.4
720575940552020693,OFF SAC,803.988,586.459,25.1112,800.144,585.088,68.8
720575940551904961,OFF SAC,815.71,396.685,20.4869,815.136,391.12,81.2
720575940580542864,OFF SAC,928.08,492.218,25.8803,926.16,490.48,67.12
720575940551903913,OFF SAC,448.046,650.757,24.8596,445.392,646.56,59.68
720575940581020269,OFF SAC,263.802,445.803,27.1374,259.84,442.976,80.2
720575940550759520,OFF SAC,695.062,766.99,25.5991,693.456,764.272,68.04
720575940581397144,OFF SAC,786.312,410.232,21.3192,785.216,407.104,79.12
720575940579345866,OFF SAC,793.643,825.515,25.1555,791.216,825.696,67.16
720575940553243031,OFF SAC,853.615,388.56,21.5414,855.2,385.104,79.56
720575940581712904,OFF SAC,225.914,912.702,32.0415,222.928,910.112,79.16
720575940578570244,OFF SAC,414.173,520.906,26.1224,409.776,515.824,59.08
720575940550885029,OFF SAC,997.946,459.476,22.6426,1001.568,456.864,77.92
720575940550921792,OFF SAC,494.864,411.738,25.0124,493.2,407.792,64.28
720575940553201601,OFF SAC,746.817,677.239,23.805,744.08,672.048,65.6
720575940553181709,OFF SAC,338.074,377.807,23.2296,334.272,373.168,75.76
720575940578600196,OFF SAC,385.999,394.16,25.819,382.928,388.304,74.92
720575940553137425,OFF SAC,912.422,876.064,26.1334,911.312,877.52,68.28
720575940578675756,OFF SAC,596.116,608.94,22.4682,593.12,602.928,70.08
720575940551071968,OFF SAC,442.819,1073.21,25.977,440.816,1069.888,73.4
720575940578733100,OFF SAC,634.109,776.451,24.3744,632.784,770.992,67.92
720575940578801708,OFF SAC,679.913,796.289,24.4749,678.464,795.504,66.88
720575940552831986,OFF SAC,746.952,443.085,24.5579,742.944,438.128,80.52
720575940578875602,OFF SAC,593.426,1045.56,24.3648,591.632,1044.352,66.04
720575940553027058,OFF SAC,446.229,551.358,26.6555,442.768,542.32,65.92
720575940581559129,OFF SAC,602.487,641.716,25.5632,602.944,637.456,67.84
720575940551101922,OFF SAC,626.22,624.845,25.3047,625.088,623.024,64.0
720575940552970330,OFF SAC,187.233,536.509,24.8205,183.76,532.208,77.12
720575940551154240,OFF SAC,564.099,374.668,23.1435,560.128,370.864,70.92
720575940551194283,OFF SAC,943.176,819.529,23.8019,943.088,817.472,61.64
720575940552935168,OFF SAC,637.291,467.312,21.851,636.688,465.024,67.56
720575940551282215,OFF SAC,979.097,1017.77,23.9053,976.128,1018.832,74.72
720575940552928256,OFF SAC,785.585,1104.32,19.1811,783.536,1102.688,65.84
720575940552922592,OFF SAC,586.964,734.753,25.1559,582.256,734.896,69.08
720575940551334821,OFF SAC,725.655,750.592,24.7681,722.624,748.224,66.16
720575940552898034,OFF SAC,778.107,705.026,24.7912,776.88,701.936,66.88
720575940579132520,OFF SAC,867.321,836.848,26.5517,866.352,834.48,61.36
720575940553048575,OFF SAC,440.216,469.744,26.4309,433.84,462.048,56.4
720575940576089871,OFF SAC,273.506,399.847,21.9785,271.808,398.144,81.96
720575940577020541,OFF SAC,553.261,594.954,22.723,548.432,590.448,68.96
720575940580481717,OFF SAC,714.501,540.168,28.1512,714.688,540.512,79.6
720575940574420036,OFF SAC,623.353,597.691,25.1172,620.176,592.768,67.72
720575940586109750,OFF SAC,766.434,522.43,27.1009,765.632,519.312,72.88
720575940586742294,OFF SAC,338.085,953.763,31.2898,336.704,955.76,70.16
720575940547095027,OFF SAC,317.059,1002.92,27.6009,313.808,1002.56,77.2
720575940547124053,OFF SAC,644.672,833.11,27.7833,641.984,828.848,64.2
720575940584950483,OFF SAC,831.456,1045.5,23.0256,829.936,1044.416,66.8
720575940574273584,OFF SAC,677.799,523.237,24.7578,676.784,517.856,70.36
720575940541678968,OFF SAC,557.362,504.518,25.7947,555.904,500.72,61.2
720575940584675707,OFF SAC,274.586,518.913,25.3985,267.568,517.6,63.68
720575940546896883,OFF SAC,772.012,855.33,27.0116,771.232,853.504,60.88
720575940587394557,OFF SAC,690.127,381.35,23.3132,689.264,378.336,78.2
720575940547608581,OFF SAC,448.618,617.52,11.3832,351.024,550.88,58.72
720575940556337895,OFF SAC,683.713,448.521,22.5448,683.536,445.648,68.76
720575940584666491,OFF SAC,729.513,663.286,23.9157,727.216,660.64,69.84
720575940556139586,OFF SAC,119.118,671.51,21.5767,116.672,668.896,78.56
720575940584638006,OFF SAC,548.489,310.082,21.474,547.376,304.208,82.04
720575940547965128,OFF SAC,379.524,715.887,26.7592,375.44,712.048,52.28
720575940555609618,OFF SAC,573.47,920.332,24.9589,569.408,916.96,64.44
720575940547977603,OFF SAC,580.847,571.755,27.6323,581.184,566.432,81.8
720575940556378474,OFF SAC,571.293,630.381,25.7203,570.688,628.256,76.96
720575940555653490,OFF SAC,989.793,1053.16,22.2126,990.416,1050.512,80.64
720575940587668733,OFF SAC,617.966,667.875,26.0001,616.032,664.0,67.72
720575940556260143,OFF SAC,389.384,1022.19,26.4761,387.152,1020.416,67.36
720575940555846674,OFF SAC,133.182,737.698,25.1898,131.664,735.76,81.96
720575940574598124,OFF SAC,520.118,848.996,27.5525,517.376,846.352,59.04
720575940556118466,OFF SAC,811.71,927.488,28.6958,812.672,922.176,63.92
720575940574652920,OFF SAC,857.994,955.213,27.0347,856.384,953.152,62.68
720575940574568184,OFF SAC,1069.7,917.612,25.0428,1065.744,913.28,76.6
720575940545977605,OFF SAC,594.864,369.941,24.5157,593.264,368.88,76.48
720575940556078018,OFF SAC,1044.2,937.362,23.7398,1041.92,935.552,76.0
720575940585707286,OFF SAC,1061.96,651.402,25.6301,1061.184,649.232,80.32
720575940556183850,OFF SAC,616.145,723.831,24.937,614.992,722.88,64.16
720575940574555197,OFF SAC,758.287,485.033,27.8974,758.144,480.32,82.52
720575940556253934,OFF SAC,539.292,584.397,29.0618,537.184,580.512,71.24
720575940556209458,OFF SAC,801.859,399.303,20.6117,801.184,397.008,79.56
720575940556222762,OFF SAC,562.325,541.675,27.2437,563.024,536.576,69.76
720575940556010650,OFF SAC,195.372,733.93,27.1147,192.048,731.136,69.6
720575940546515205,OFF SAC,648.239,513.99,21.9302,646.096,510.672,65.6
720575940556235554,OFF SAC,306.306,1043.62,21.5527,304.672,1041.216,80.4
720575940586048310,OFF SAC,649.735,1013.66,25.2192,649.168,1013.152,61.72
720575940555926758,OFF SAC,490.344,523.888,24.7383,487.568,520.0,60.4
720575940574744824,OFF SAC,526.976,542.822,24.9539,526.096,538.48,60.76
720575940574800888,OFF SAC,484.508,377.477,26.923,480.736,373.056,71.72
720575940545755891,OFF SAC,1067.46,690.034,27.6013,1066.56,687.776,79.32
720575940576063247,OFF SAC,304.927,382.605,24.1749,301.424,378.816,79.48
720575940584611707,OFF SAC,605.346,472.26,29.8146,605.232,470.128,72.08
720575940575292285,OFF SAC,530.221,1049.48,24.4013,528.16,1049.776,68.8
720575940555333102,OFF SAC,164.949,547.761,23.1611,162.304,546.112,75.44
720575940538614451,OFF SAC,421.61,453.841,26.4255,420.32,446.368,60.96
720575940575763529,OFF SAC,281.284,826.84,25.2165,276.352,826.384,45.52
720575940575777019,OFF SAC,331.344,497.084,27.308,325.616,494.032,65.96
720575940556470298,OFF SAC,511.22,582.075,29.3711,506.352,577.152,67.2
720575940574009857,OFF SAC,652.788,739.872,24.1483,647.792,735.92,67.68
720575940548177286,OFF SAC,534.988,499.006,30.3228,534.816,495.408,61.52
720575940575485309,OFF SAC,717.63,648.953,26.7851,718.24,649.424,74.52
720575940575435771,OFF SAC,821.8,941.306,28.1462,818.4,941.008,65.52
720575940575934256,OFF SAC,550.18,628.617,29.7601,548.88,623.216,75.68
720575940556594026,OFF SAC,127.788,800.048,24.0244,124.896,798.432,74.8
720575940575479761,OFF SAC,459.137,354.244,25.4029,456.96,349.152,74.96
720575940576006704,OFF SAC,232.948,764.545,27.1145,230.256,761.536,57.96
720575940588983700,OFF SAC,955.89,775.591,25.1047,953.536,772.8,61.44
720575940555215086,OFF SAC,717.394,378.832,22.1301,716.032,375.104,79.56
720575940555221222,OFF SAC,540.256,735.119,25.6333,535.152,732.112,67.72
720575940555564508,OFF SAC,901.063,985.132,27.2557,900.304,983.168,75.16
720575940588880788,ON SAC,1064.66,692.77,-17.5306,1062.592,694.272,19.04
720575940565776628,ON SAC,508.253,415.786,-17.3847,506.944,411.312,12.44
720575940568625008,ON SAC,431.279,572.187,-15.1336,425.168,568.064,13.76
720575940565808770,ON SAC,85.4848,693.701,-14.0546,82.464,692.576,42.32
720575940568613114,ON SAC,596.802,666.253,-13.5479,594.8,662.288,18.32
720575940565743726,ON SAC,992.369,424.11,-12.4738,991.472,422.496,39.4
720575940566121838,ON SAC,859.936,588.096,-13.0927,859.072,583.648,24.4
720575940568303026,ON SAC,747.687,837.349,-12.9973,746.144,833.952,15.6
720575940566251639,ON SAC,598.237,768.27,-18.9604,596.8,770.192,13.56
720575940565818532,ON SAC,369.537,445.796,-14.855,364.928,441.408,14.48
720575940581511769,ON SAC,295.654,455.056,-13.8456,288.816,449.344,24.32
720575940581576301,ON SAC,229.766,881.665,-13.9431,223.184,876.928,23.28
720575940581536776,ON SAC,826.813,487.222,-12.9821,825.648,484.448,30.36
720575940568238514,ON SAC,692.486,718.229,-10.7389,691.632,717.056,19.28
720575940580583021,ON SAC,488.5,683.303,-13.9267,485.104,679.056,15.56
720575940585845270,ON SAC,1000.5,386.762,-17.28,996.576,383.632,42.72
720575940568268660,ON SAC,571.54,794.914,-14.2491,569.456,792.8,14.08
720575940565751279,ON SAC,802.336,782.438,-13.1066,800.8,777.28,18.04
720575940568235770,ON SAC,380.641,745.706,-18.5746,377.6,743.264,5.08
720575940568324683,ON SAC,86.5462,528.427,-15.9186,83.024,527.76,53.2
720575940568265210,ON SAC,667.414,642.312,-13.4129,664.592,638.576,15.88
720575940581568711,ON SAC,591.086,582.742,-17.5805,589.728,578.928,16.36
720575940568639477,ON SAC,396.618,775.333,-15.2826,393.616,773.04,11.68
720575940566185199,ON SAC,626.867,193.609,-18.1451,626.432,189.408,49.28
720575940566223223,ON SAC,727.615,384.334,-15.8081,725.952,380.352,32.88
720575940580726137,ON SAC,509.912,253.066,-14.1738,507.792,247.2,43.28
720575940566223645,ON SAC,212.728,1065.86,-15.5359,213.008,1062.432,47.2
720575940568653197,ON SAC,416.149,181.072,-15.8494,411.808,171.216,62.96
720575940585872950,ON SAC,386.029,450.872,-16.7193,382.944,445.632,16.56
720575940580843373,ON SAC,640.745,349.513,-18.4644,639.408,346.448,34.12
720575940568508015,ON SAC,990.839,465.275,-13.6285,989.792,461.232,31.48
720575940580896408,ON SAC,168.768,387.706,-16.9878,165.92,387.04,52.52
720575940568415733,ON SAC,457.343,354.543,-13.6195,453.376,348.544,22.88
720575940568418125,ON SAC,541.78,795.949,-13.3412,538.64,794.928,15.4
720575940568443148,ON SAC,1058.67,1090.61,-16.6183,1052.8,1086.096,45.64
720575940581218925,ON SAC,342.219,473.9,-14.3562,338.32,468.848,19.44
720575940588074388,ON SAC,557.297,529.047,-19.211,557.6,523.136,11.52
720575940581264254,ON SAC,888.461,265.689,-14.1047,890.896,263.184,50.16
720575940568450055,ON SAC,106.762,514.45,-14.2741,105.712,514.496,44.68
720575940568474634,ON SAC,474.047,160.115,-20.9825,473.952,154.88,61.44
720575940588019197,ON SAC,781.726,1018.07,-15.516,780.256,1016.256,22.4
720575940568509425,ON SAC,585.11,1041.38,-13.0735,584.96,1036.864,18.56
720575940568484464,ON SAC,786.589,356.422,-16.5934,786.048,352.272,37.04
720575940568489461,ON SAC,723.678,678.376,-14.291,723.232,677.2,22.92
720575940565947631,ON SAC,1047.17,587.98,-12.6833,1048.576,585.488,28.28
720575940587981565,ON SAC,929.827,775.793,-13.4022,930.56,770.992,19.92
720575940565934753,ON SAC,881.94,647.971,-13.2709,880.544,643.392,19.72
720575940568517904,ON SAC,352.687,644.114,-15.3449,347.952,640.432,12.0
720575940565972912,ON SAC,820.029,874.859,-14.0002,815.68,873.088,17.32
720575940588199060,ON SAC,860.615,779.545,-12.7253,857.44,782.656,13.56
720575940568520626,ON SAC,869.733,186.446,-14.8613,872.224,184.784,64.28
720575940568587602,ON SAC,546.289,374.583,-15.4872,543.04,368.352,25.28
720575940581510152,ON SAC,620.653,366.948,-16.0818,617.728,365.296,29.36
720575940588383380,ON SAC,1034.79,422.402,-15.0237,1036.544,419.328,44.64
720575940568357392,ON SAC,271.621,630.56,-14.6773,268.176,625.6,10.88
720575940566106288,ON SAC,158.858,590.146,-14.809,153.6,587.744,23.88
720575940565849583,ON SAC,224.922,391.057,-15.8419,219.664,385.568,36.92
720575940588292756,ON SAC,954.8,517.898,-12.5158,957.872,511.12,23.72
720575940580864920,ON SAC,902.683,656.533,-12.0148,902.624,651.408,20.52
720575940568381112,ON SAC,679.85,546.545,-11.972,679.488,541.904,23.72
720575940580919641,ON SAC,649.151,1031.42,-16.8052,646.976,1029.872,18.96
720575940581501310,ON SAC,508.991,891.545,-12.9002,506.08,888.736,14.44
720575940566052893,ON SAC,184.968,417.629,-16.6202,180.16,412.496,44.96
720575940565850653,ON SAC,623.535,1022.54,-15.031,621.44,1020.448,19.36
720575940566030256,ON SAC,167.824,745.667,-15.948,165.072,744.24,18.44
720575940581372269,ON SAC,1034.26,566.032,-14.5453,1033.184,562.512,24.56
720575940565852143,ON SAC,895.274,700.306,-13.8844,895.616,700.32,20.16
720575940566058657,ON SAC,551.259,707.136,-14.3177,549.52,707.52,18.8
720575940568195852,ON SAC,635.257,1008.82,-16.1513,631.12,1002.464,17.72
720575940583922643,ON SAC,588.257,626.677,-14.3502,586.016,622.912,18.0
720575940568150647,ON SAC,145.529,888.014,-14.8042,141.904,883.552,32.24
720575940584434643,ON SAC,118.703,833.005,-17.2027,113.84,829.824,32.44
720575940567278700,ON SAC,885.122,1008.19,-11.2235,884.928,1006.688,24.0
720575940566785532,ON SAC,320.465,583.366,-15.7827,315.52,579.088,14.08
720575940582970750,ON SAC,371.704,952.394,-14.728,369.552,951.968,15.32
720575940567432289,ON SAC,977.041,1033.36,-12.3061,980.256,1027.872,33.0
720575940567470923,ON SAC,339.3,760.262,-16.6456,333.216,756.352,10.0
720575940567476662,ON SAC,427.712,562.387,-15.2784,423.936,559.232,16.24
720575940567490805,ON SAC,182.879,596.411,-14.6547,178.176,593.008,22.12
720575940582819646,ON SAC,460.101,322.102,-13.0844,456.736,314.688,32.48
720575940567258620,ON SAC,436.98,625.605,-19.9629,434.32,620.976,10.2
720575940582805310,ON SAC,738.237,967.644,-13.2248,737.296,965.712,18.92
720575940567646716,ON SAC,422.278,315.684,-15.6559,419.872,309.2,31.64
720575940566784774,ON SAC,674.283,378.155,-17.36,672.096,374.32,28.32
720575940568678897,ON SAC,610.626,141.16,-18.2021,610.608,136.08,61.4
720575940582769470,ON SAC,485.465,381.315,-14.6271,483.888,375.632,21.44
720575940566770973,ON SAC,765.245,520.375,-15.6938,766.416,518.208,27.72
720575940584544635,ON SAC,780.001,766.351,-12.9633,780.288,769.632,16.88
720575940567692556,ON SAC,792.538,164.919,-16.9503,794.96,159.552,56.56
720575940567699210,ON SAC,672.721,538.21,-14.5857,671.008,533.088,18.92
720575940567711450,ON SAC,827.454,215.405,-19.6604,825.568,211.408,48.36
720575940582771758,ON SAC,599.194,895.074,-12.1377,597.904,893.584,21.0
720575940566739817,ON SAC,772.429,829.233,-15.5172,773.504,821.296,18.2
720575940567236683,ON SAC,517.796,488.044,-14.5771,515.92,480.992,13.68
720575940567235692,ON SAC,916.987,934.432,-14.1868,915.904,932.416,21.44
720575940566919273,ON SAC,790.388,860.923,-15.5922,789.824,855.584,17.44
720575940566964226,ON SAC,431.12,622.738,-15.3459,428.672,620.672,12.12
720575940567013281,ON SAC,612.904,1099.77,-9.99556,610.864,1096.656,28.4
720575940583571502,ON SAC,535.929,568.195,-20.077,534.0,563.68,8.84
720575940583524158,ON SAC,349.841,309.276,-13.8407,348.256,301.088,36.64
720575940567018359,ON SAC,211.71,361.532,-17.8406,205.344,357.664,42.44
720575940567046874,ON SAC,341.536,496.747,-15.7285,337.392,491.84,13.8
720575940584168827,ON SAC,403.143,421.534,-17.0729,399.056,415.04,16.32
720575940584298195,ON SAC,550.059,894.952,-15.2153,548.56,891.312,13.04
720575940583100539,ON SAC,706.54,512.053,-14.3024,706.224,507.952,25.36
720575940583211822,ON SAC,952.163,919.116,-11.3822,953.664,916.96,23.16
720575940584429523,ON SAC,883.689,737.32,-13.532,882.56,730.688,22.8
720575940567152885,ON SAC,297.466,887.343,-16.7674,294.448,887.408,6.64
720575940567154488,ON SAC,486.361,1091.99,-11.9699,488.496,1090.96,27.4
720575940583145083,ON SAC,627.745,153.579,-25.5157,628.224,151.408,47.04
720575940567177847,ON SAC,176.281,630.059,-13.5303,171.152,627.872,23.04
720575940567191371,ON SAC,492.07,479.911,-14.0185,488.08,475.072,16.08
720575940567200587,ON SAC,776.152,254.427,-17.9637,775.312,251.648,45.64
720575940566823073,ON SAC,530.395,934.851,-16.4734,530.624,934.352,12.84
720575940566786037,ON SAC,899.235,397.077,-13.8122,898.176,394.832,34.32
720575940567115361,ON SAC,652.943,669.697,-15.598,651.184,666.56,18.04
720575940581609561,ON SAC,331.206,929.334,-12.3206,326.64,930.48,17.04
720575940567741196,ON SAC,903.819,370.011,-14.4144,902.592,366.864,35.96
720575940567743800,ON SAC,874.733,226.996,-16.5026,875.664,223.648,49.28
720575940585315539,ON SAC,355.807,886.987,-16.3152,350.8,884.096,10.36
720575940566453100,ON SAC,453.142,756.752,-16.4421,451.728,754.88,11.84
720575940582181831,ON SAC,829.52,845.066,-14.5792,826.256,841.52,16.04
720575940566392798,ON SAC,586.966,484.199,-15.5442,585.472,480.512,13.12
720575940582054664,ON SAC,784.71,877.801,-12.5816,782.32,875.696,19.32
720575940568031500,ON SAC,951.731,591.658,-12.5671,954.48,588.464,20.96
720575940582040007,ON SAC,322.242,445.137,-11.9804,316.432,438.08,21.12
720575940582030791,ON SAC,793.601,574.514,-17.9152,789.232,570.88,20.52
720575940585346326,ON SAC,436.853,607.069,-18.563,432.608,604.448,5.24
720575940582212616,ON SAC,1042.15,400.413,-18.3458,1043.008,400.288,46.4
720575940566361822,ON SAC,682.088,629.151,-14.2823,679.952,626.832,19.88
720575940585438230,ON SAC,406.067,669.686,-16.2122,402.928,664.768,13.16
720575940566292585,ON SAC,546.483,186.764,-17.1461,541.84,181.952,52.8
720575940585633334,ON SAC,886.904,544.863,-14.7023,885.84,541.84,22.88
720575940585635126,ON SAC,277.339,373.97,-15.128,273.728,371.12,32.76
720575940568080013,ON SAC,298.32,963.001,-12.1634,291.824,963.296,23.04
720575940581745534,ON SAC,394.394,851.933,-16.6877,391.376,850.096,9.56
720575940566287618,ON SAC,219.013,963.898,-14.6683,219.008,958.096,29.0
720575940568127414,ON SAC,272.729,273.524,-17.4455,270.592,269.648,56.84
720575940566271908,ON SAC,580.201,892.945,-14.4687,582.08,889.472,11.28
720575940566310252,ON SAC,587.362,477.531,-12.9225,585.072,473.616,17.76
720575940566731681,ON SAC,304.069,267.165,-18.9657,302.4,264.608,51.64
720575940585229590,ON SAC,588.77,457.407,-13.299,586.992,453.168,17.92
720575940567936775,ON SAC,857.091,446.636,-12.9607,857.04,442.912,29.36
720575940567762182,ON SAC,866.831,1061.21,-13.3616,865.536,1058.176,27.12
720575940567767919,ON SAC,798.42,458.624,-12.2401,796.336,454.992,32.4
720575940566632545,ON SAC,827.733,678.409,-14.0595,822.768,674.384,17.4
720575940584783414,ON SAC,947.193,808.253,-15.4352,941.04,807.296,13.8
720575940567799541,ON SAC,493.068,1073.17,-13.0333,488.8,1070.944,30.0
720575940566596001,ON SAC,826.188,735.486,-12.2629,824.4,734.048,18.96
720575940582686782,ON SAC,256.487,429.02,-14.6548,251.392,422.016,31.36
720575940567830157,ON SAC,397.623,658.185,-17.6681,394.24,658.8,3.8
720575940567868054,ON SAC,252.853,804.209,-14.4892,246.688,802.432,12.96
720575940567958279,ON SAC,655.969,226.351,-19.353,655.696,223.856,44.6
720575940582640392,ON SAC,138.311,871.995,-14.3155,136.96,871.12,29.76
720575940585048531,ON SAC,635.453,259.364,-13.2098,635.52,255.856,48.32
720575940582494014,ON SAC,654.568,752.067,-17.0173,651.536,749.776,13.72
720575940567912812,ON SAC,534.586,1004.75,-14.7453,533.008,1002.704,18.84
720575940582366766,ON SAC,600.455,537.914,-17.4302,600.176,532.88,12.16
720575940585113878,ON SAC,519.513,440.353,-13.0603,517.872,433.712,16.28
720575940566539482,ON SAC,776.621,268.721,-16.9998,776.672,266.736,47.48
720575940585121558,ON SAC,468.386,399.888,-14.2343,465.136,392.8,18.16
720575940582294846,ON SAC,287.828,500.653,-14.8154,284.016,496.912,12.76
720575940582220078,ON SAC,361.008,762.469,-14.8632,357.744,760.816,11.08
720575940567882657,ON SAC,717.143,619.681,-14.0028,715.952,616.128,25.76
720575940568039686,ON SAC,957.016,388.979,-15.3657,954.896,385.888,41.4
720575940573907707,ON SAC,698.156,463.338,-14.4913,697.648,458.784,22.56
720575940568694603,ON SAC,916.482,1042.87,-15.1404,916.304,1039.36,24.24
720575940571300556,ON SAC,463.67,816.564,-17.704,461.008,818.464,6.96
720575940571303604,ON SAC,1006.24,679.827,-16.0827,1007.824,678.272,18.36
720575940571323713,ON SAC,353.542,533.105,-18.0014,350.944,527.792,8.84
720575940575762425,ON SAC,219.458,664.854,-13.6831,216.896,661.584,12.88
720575940575760765,ON SAC,645.047,678.449,-15.3209,641.92,673.6,18.64
720575940571338412,ON SAC,865.201,805.095,-13.6165,867.232,804.32,17.44
720575940575465465,ON SAC,538.453,635.877,-14.1206,535.792,632.864,15.96
720575940575395632,ON SAC,434.477,222.649,-15.2619,431.712,217.584,49.2
720575940575379581,ON SAC,436.276,952.211,-18.1682,432.656,949.088,13.92
720575940571346100,ON SAC,93.8485,934.505,-17.073,93.584,932.544,50.68
720575940575331120,ON SAC,422.854,265.403,-18.9218,421.12,260.384,34.76
720575940571353364,ON SAC,130.258,723.689,-15.5134,124.912,718.112,31.56
720575940571368635,ON SAC,1058.37,925.953,-14.0795,1057.728,923.36,29.12
720575940571392187,ON SAC,1080.35,1047.22,-17.5952,1076.288,1040.56,43.56
720575940575297149,ON SAC,343.904,227.602,-27.5535,342.336,225.152,56.44
720575940571405484,ON SAC,961.866,874.959,-13.8934,957.616,868.848,19.6
720575940571465269,ON SAC,346.443,409.088,-15.5058,342.48,402.832,22.08
720575940571474465,ON SAC,272.532,337.652,-17.9581,268.944,332.656,41.52
720575940571504404,ON SAC,677.466,170.135,-21.4619,675.856,166.944,51.88
720575940575263817,ON SAC,842.186,303.639,-15.5051,843.584,299.424,36.44
720575940575241264,ON SAC,711.449,717.687,-13.8151,712.128,712.656,19.12
720575940575203145,ON SAC,647.889,798.783,-17.653,645.584,796.224,13.44
720575940575192571,ON SAC,856.006,246.775,-16.8493,858.624,245.872,50.88
720575940575180025,ON SAC,250.373,332.826,-17.726,246.208,328.96,47.0
720575940571535820,ON SAC,548.944,319.405,-15.2019,547.648,314.384,33.28
720575940575868881,ON SAC,1055.69,642.065,-11.979,1056.928,638.192,28.64
720575940576029945,ON SAC,709.122,868.678,-14.744,707.984,866.592,16.72
720575940576246799,ON SAC,907.804,535.296,-13.2672,907.024,530.192,24.44
720575940576323005,ON SAC,122.319,586.537,-21.3819,119.04,583.84,28.2
720575940576881475,ON SAC,974.353,478.323,-14.4687,973.6,475.984,25.8
720575940570941883,ON SAC,726.928,893.754,-13.5341,728.288,889.728,17.2
720575940576814533,ON SAC,619.731,344.032,-17.6623,622.784,342.496,31.84
720575940576811973,ON SAC,769.589,226.924,-16.8256,770.48,224.672,50.68
720575940576796227,ON SAC,765.332,332.313,-16.1704,767.872,326.64,35.4
720575940576794127,ON SAC,592.562,931.012,-15.4269,589.488,928.144,18.64
720575940570981563,ON SAC,706.514,927.609,-13.442,704.912,924.608,18.24
720575940570983903,ON SAC,122.944,660.42,-13.3699,120.416,658.56,29.8
720575940576748206,ON SAC,675.628,980.613,-14.1161,672.512,978.384,20.0
720575940570994578,ON SAC,840.525,456.581,1.22278,841.104,452.0,48.04
720575940576546757,ON SAC,750.608,208.573,-15.6995,750.768,205.872,56.48
720575940571023803,ON SAC,734.819,621.109,-14.2752,736.8,618.256,25.24
720575940575162105,ON SAC,698.017,533.912,-14.0957,696.112,528.304,22.64
720575940571062337,ON SAC,699.907,1101.64,-8.23676,697.936,1099.248,27.28
720575940571088137,ON SAC,1070.64,970.18,-17.0739,1066.528,965.248,31.6
720575940571095954,ON SAC,181.375,559.639,-13.7149,170.192,556.8,26.08
720575940571120274,ON SAC,429.424,152.221,-15.1418,427.712,153.696,63.44
720575940571124756,ON SAC,193.606,711.018,-13.0094,191.952,710.192,16.44
720575940571133627,ON SAC,1038.77,529.067,-12.3294,1039.552,526.816,30.28
720575940571165972,ON SAC,845.284,227.145,-16.0635,848.032,222.352,51.88
720575940571171508,ON SAC,104.193,872.87,-15.2847,101.712,871.216,39.08
720575940571195457,ON SAC,1069.1,917.363,-14.8181,1069.52,914.144,33.52
720575940576526205,ON SAC,65.3717,560.732,-7.01847,65.296,558.144,51.64
720575940576369338,ON SAC,245.655,337.263,-18.8689,241.264,335.136,44.76
720575940576342543,ON SAC,783.761,730.447,-17.0825,782.032,728.64,13.8
720575940576327951,ON SAC,443.853,202.157,-15.2966,442.16,198.656,58.52
720575940571066689,ON SAC,782.114,1099.31,-12.9182,781.632,1096.432,26.92
720575940570862738,ON SAC,822.099,632.549,-13.3526,823.088,630.208,16.84
720575940574937136,ON SAC,897.498,861.324,-13.6107,896.848,857.52,17.0
720575940574905814,ON SAC,984.468,966.521,-11.112,984.4,961.936,29.08
720575940572970652,ON SAC,847.884,705.661,-13.5789,848.736,706.784,20.64
720575940574266912,ON SAC,1076.9,432.764,-28.1294,1074.384,432.688,45.64
720575940574230742,ON SAC,503.822,678.071,-15.5379,504.0,674.64,14.08
720575940573130988,ON SAC,465.887,662.145,-13.724,462.24,659.824,14.04
720575940574203977,ON SAC,573.229,595.838,-14.239,570.064,593.712,19.96
720575940573228861,ON SAC,435.001,429.632,-15.1099,431.184,426.144,10.36
720575940573246525,ON SAC,574.422,384.913,-13.4815,572.976,379.456,25.64
720575940573271357,ON SAC,529.077,273.181,-14.4498,526.176,265.552,39.48
720575940574192969,ON SAC,429.308,873.149,-14.4203,426.368,872.496,8.52
720575940573390015,ON SAC,1024.38,841.94,-12.8185,1025.952,838.128,24.2
720575940574168556,ON SAC,1012.67,1041.04,-14.7725,1010.592,1038.512,35.28
720575940574134508,ON SAC,1066.68,805.58,-12.9658,1061.968,797.92,26.0
720575940574066992,ON SAC,720.686,319.704,-18.9886,718.704,315.056,31.32
720575940573430684,ON SAC,666.587,127.696,-21.6536,664.912,123.248,55.32
720575940574049494,ON SAC,959.382,456.071,-14.5105,957.984,454.704,33.36
720575940573968123,ON SAC,737.071,512.509,-14.03,735.68,508.16,25.2
720575940573602592,ON SAC,769.753,934.967,-14.3066,767.232,932.288,19.44
720575940573638176,ON SAC,731.305,222.648,-15.4444,729.824,218.816,54.44
720575940573959984,ON SAC,811.563,317.405,-15.8527,812.224,311.888,42.2
720575940573674649,ON SAC,946.243,613.333,-12.9717,944.224,608.272,22.68
720575940573685484,ON SAC,249.961,754.239,-15.767,240.4,753.12,13.52
720575940573958960,ON SAC,812.062,248.898,-16.5057,811.504,245.808,48.12
720575940573708617,ON SAC,762.622,236.807,-17.9094,762.816,235.728,47.08
720575940573936713,ON SAC,278.018,762.337,-13.0624,273.552,761.984,11.24
720575940573900832,ON SAC,189.841,1084.11,-18.5269,190.896,1081.072,54.68
720575940572952608,ON SAC,885.996,372.059,-14.1193,887.488,369.168,30.4
720575940572762369,ON SAC,164.763,515.018,-18.9178,158.96,514.16,29.32
720575940574328022,ON SAC,390.11,843.085,-16.9079,386.656,837.888,7.84
720575940574364477,ON SAC,611.656,187.063,-15.0778,612.8,184.512,58.04
720575940571633083,ON SAC,425.232,162.065,-18.7668,420.272,158.176,58.4
720575940574791163,ON SAC,542.993,356.359,-15.2548,540.592,349.648,27.08
720575940571665100,ON SAC,912.872,223.145,-13.7893,910.704,222.08,57.28
720575940571670971,ON SAC,855.865,635.987,-14.1484,852.768,630.944,20.0
720575940574719995,ON SAC,724.073,395.229,-16.8459,723.168,391.76,30.24
720575940571676449,ON SAC,1027.14,530.562,-12.8647,1029.232,527.504,27.44
720575940571699489,ON SAC,1075.34,696.393,-13.4842,1077.072,693.376,27.0
720575940574706134,ON SAC,978.023,362.409,-15.3964,977.84,360.48,42.32
720575940574705366,ON SAC,234.76,814.09,-12.6141,231.552,814.144,14.04
720575940574701270,ON SAC,842.006,915.772,-14.344,839.296,911.84,18.36
720575940571763884,ON SAC,235.705,520.643,-13.8824,231.008,516.464,21.88
720575940571787436,ON SAC,982.277,343.319,-17.9228,982.064,338.336,46.44
720575940571608625,ON SAC,1102.94,984.471,-2.6406,1090.384,985.712,36.12
720575940574682953,ON SAC,959.522,681.319,-13.4685,961.392,680.8,22.48
720575940572053025,ON SAC,555.691,140.607,-21.688,554.592,135.504,52.0
720575940572080916,ON SAC,457.723,374.389,-12.3677,457.344,369.392,19.16
720575940572220316,ON SAC,560.216,772.654,-15.5552,558.88,770.432,13.52
720575940572256615,ON SAC,683.212,272.838,-15.8673,683.968,271.36,43.44
720575940572403559,ON SAC,507.747,755.817,-14.2095,505.232,752.656,14.04
720575940574489535,ON SAC,389.093,311.5,-18.591,385.824,304.992,31.52
720575940574478640,ON SAC,311.965,385.881,-15.437,306.976,380.656,30.8
720575940572553063,ON SAC,525.354,603.497,-12.7058,521.84,599.824,16.72
720575940574437705,ON SAC,604.068,433.027,-13.6005,604.928,428.992,20.12
720575940572611389,ON SAC,670.846,280.577,-15.8628,669.68,277.872,40.24
720575940572633149,ON SAC,749.095,461.209,-16.0832,748.432,457.424,28.04
720575940572732060,ON SAC,291.912,401.129,-13.5148,288.448,395.168,25.8
720575940571893803,ON SAC,296.436,997.565,-11.4569,291.744,997.888,28.36
720575940570812050,ON SAC,239.99,586.733,-14.0372,233.92,581.856,15.16
720575940576926201,ON SAC,567.19,928.337,-15.6371,565.632,927.504,13.92
720575940570751518,ON SAC,441.397,400.819,-15.3424,437.296,395.36,12.28
720575940569246495,ON SAC,1014.15,601.297,-13.2181,1012.656,598.608,24.0
720575940579796624,ON SAC,842.888,599.331,-12.8737,841.504,598.112,24.48
720575940579676793,ON SAC,857.771,356.27,-13.8681,857.888,354.768,37.24
720575940579654513,ON SAC,728.08,464.865,-13.9937,726.144,461.104,29.28
720575940579629001,ON SAC,364.574,993.778,-13.1873,360.48,994.864,23.56
720575940579398032,ON SAC,778.43,471.173,-13.337,777.408,466.32,30.84
720575940579356560,ON SAC,597.222,575.628,-16.9154,595.584,571.056,16.32
720575940573924400,ON SAC,845.47,477.319,-14.9674,847.744,474.848,28.88
720575940569320811,ON SAC,366.761,551.688,-20.3788,360.416,539.84,8.68
720575940569328836,ON SAC,361.125,351.476,-15.0482,359.296,343.568,35.2
720575940569429928,ON SAC,937.618,405.05,-13.8525,936.08,401.472,37.88
720575940569430800,ON SAC,140.968,969.829,-17.2002,138.992,968.368,43.64
720575940569455454,ON SAC,625.053,1071.73,-11.557,623.024,1069.792,23.16
720575940569457336,ON SAC,879.271,1027.34,-13.5837,879.728,1022.928,24.04
720575940569463408,ON SAC,195.625,360.75,-19.7605,192.016,355.504,49.56
720575940569483597,ON SAC,1074.71,579.524,-12.6596,1077.568,579.088,28.36
720575940579052746,ON SAC,471.54,462.975,-16.2988,468.608,458.56,10.88
720575940578943698,ON SAC,729.515,1018.27,-14.7768,728.176,1016.352,17.04
720575940569517818,ON SAC,911.379,1076.24,-13.8551,913.184,1069.472,31.2
720575940569545384,ON SAC,648.727,927.16,-14.8952,646.912,922.736,16.08
720575940569559583,ON SAC,327.318,374.713,-16.8998,322.992,368.768,22.68
720575940569607620,ON SAC,836.267,1066.14,-12.0412,833.088,1065.936,26.28
720575940578897961,ON SAC,671.283,1059.7,-14.6927,667.552,1061.12,21.32
720575940569618628,ON SAC,469.33,503.155,-15.1903,467.568,501.056,16.4
720575940569639019,ON SAC,607.754,276.229,-20.847,606.352,272.352,37.04
720575940579799184,ON SAC,372.702,364.166,-16.6447,370.864,354.512,24.04
720575940579832689,ON SAC,201.221,782.235,-14.6253,196.736,778.944,23.56
720575940569190160,ON SAC,915.715,645.346,-13.4892,916.768,647.104,18.44
720575940569168056,ON SAC,1024.28,703.352,-11.8611,1022.768,700.784,24.12
720575940568774750,ON SAC,856.508,434.211,-12.8399,855.216,430.352,31.12
720575940568783794,ON SAC,1069.96,829.982,-13.3781,1065.232,827.024,24.64
720575940568842512,ON SAC,258.49,913.572,-11.5665,258.0,914.848,16.44
720575940568850548,ON SAC,930.515,430.915,-14.8807,927.936,429.248,32.56
720575940580458861,ON SAC,727.391,416.833,-15.6471,727.696,412.448,24.08
720575940568913746,ON SAC,822.115,921.807,-13.9202,820.0,920.608,19.88
720575940568930984,ON SAC,389.249,934.536,-16.036,386.752,933.168,11.92
720575940568931147,ON SAC,1051.86,887.878,-10.8805,1046.544,885.52,25.92
720575940580436601,ON SAC,233.135,485.118,-13.6698,226.128,480.192,27.76
720575940568946038,ON SAC,486.116,534.185,-14.3328,483.04,529.936,11.92
720575940580415865,ON SAC,802.403,667.01,-12.6486,802.736,663.616,18.96
720575940568973643,ON SAC,1040.02,1051.6,-14.2284,1035.552,1048.96,36.76
720575940578627332,ON SAC,399.098,863.042,-15.4124,396.032,861.808,10.16
720575940580334488,ON SAC,564.887,695.715,-15.2156,566.608,694.496,14.12
720575940569014800,ON SAC,156.629,807.315,-15.3823,157.936,805.328,28.6
720575940569027444,ON SAC,922.801,914.788,-12.2249,922.112,917.584,17.04
720575940580156085,ON SAC,812.149,371.202,-13.341,814.304,366.816,35.08
720575940580074421,ON SAC,827.823,272.958,-17.9477,828.512,269.984,45.08
720575940569040466,ON SAC,920.689,669.871,-14.1148,922.768,667.744,18.24
720575940569045070,ON SAC,763.772,843.216,-13.4972,763.232,839.12,18.44
720575940569077956,ON SAC,197.343,916.017,-14.4964,196.736,914.704,25.32
720575940580052593,ON SAC,207.174,698.918,-14.4246,201.824,694.688,13.8
720575940569079151,ON SAC,234.68,304.284,-20.8313,229.728,299.328,50.64
720575940579914873,ON SAC,341.314,733.698,-15.4742,336.128,726.48,8.84
720575940569154891,ON SAC,299.2,716.396,-13.2472,298.128,717.616,5.04
720575940569165902,ON SAC,82.6433,886.307,-16.209,80.624,884.48,47.84
720575940568980218,ON SAC,894.562,468.827,-12.9389,893.584,465.728,32.56
720575940569675536,ON SAC,743.91,266.766,-16.6955,741.952,262.448,46.84
720575940569678842,ON SAC,1070.57,506.112,-14.7293,1071.008,504.768,34.68
720575940569679098,ON SAC,120.65,991.494,-16.1199,117.216,990.288,53.04
720575940577551164,ON SAC,909.49,788.052,-14.6563,908.368,784.512,16.04
720575940570175144,ON SAC,1020.17,853.06,-12.9396,1015.808,851.888,21.0
720575940570197313,ON SAC,528.011,733.597,-15.9683,526.336,731.472,15.0
720575940570202393,ON SAC,460.759,421.803,-17.251,458.128,416.032,13.04
720575940570208286,ON SAC,313.344,437.136,-11.4551,309.776,435.008,20.76
720575940570222657,ON SAC,505.951,641.44,-17.4987,504.464,635.808,13.52
720575940570227253,ON SAC,464.497,493.765,-16.2013,462.432,489.776,14.32
720575940570240321,ON SAC,578.299,522.749,-14.0803,578.24,519.952,19.56
720575940570262418,ON SAC,415.736,785.444,-18.2544,411.808,782.144,10.24
720575940570271760,ON SAC,233.618,623.21,-17.4852,228.224,619.936,12.36
720575940577471406,ON SAC,167.896,356.024,-20.5852,164.848,351.84,55.48
720575940577411132,ON SAC,768.985,155.378,-16.6829,769.296,152.56,59.4
720575940577608095,ON SAC,925.576,1099.14,-12.7711,919.52,1098.8,32.4
720575940570338228,ON SAC,1042.25,719.731,-13.3628,1044.128,715.872,24.64
720575940577226426,ON SAC,980.274,907.153,-12.0675,977.92,905.952,22.04
720575940577216698,ON SAC,967.856,1102.57,-13.5184,964.096,1101.152,36.44
720575940570540553,ON SAC,892.092,418.908,-14.4538,893.936,416.0,27.6
720575940577130437,ON SAC,267.412,573.123,-15.4265,263.504,569.344,17.84
720575940570569067,ON SAC,1056.19,778.56,-12.5809,1052.864,773.664,24.8
720575940570574881,ON SAC,696.815,660.765,-14.2617,695.328,658.128,17.8
720575940570653726,ON SAC,821.339,682.042,-13.5479,820.256,679.008,23.44
720575940576943676,ON SAC,459.964,863.312,-15.9396,458.464,860.16,15.24
720575940570703540,ON SAC,481.29,726.138,-14.4121,478.736,723.376,13.8
720575940576935839,ON SAC,692.756,621.178,24.1731,694.72,617.792,75.6
720575940570725036,ON SAC,543.309,748.171,-13.5631,542.672,744.72,15.6
720575940570729497,ON SAC,452.91,288.502,-15.1882,454.96,281.568,34.52
720575940570430750,ON SAC,357.543,407.309,-15.8557,354.48,400.752,19.12
720575940580490865,ON SAC,1055.86,988.261,-12.9208,1049.696,988.88,30.16
720575940570067624,ON SAC,990.681,841.221,-11.6438,989.936,840.896,22.84
720575940570052105,ON SAC,612.321,759.55,-13.2183,611.136,754.816,16.2
720575940578578280,ON SAC,423.975,197.663,-16.2761,421.024,190.544,57.92
720575940578573609,ON SAC,406.804,206.764,-15.32,406.304,198.576,53.36
720575940569689625,ON SAC,619.903,313.514,-16.7451,619.84,309.296,34.48
720575940569705384,ON SAC,79.2895,863.408,-16.5796,76.32,861.168,45.32
720575940569782558,ON SAC,480.265,753.255,-15.9024,478.416,750.592,12.08
720575940578522645,ON SAC,245.419,953.588,-13.193,239.168,952.16,27.04
720575940578497737,ON SAC,231.259,452.457,-13.2604,227.152,444.336,32.48
720575940578460874,ON SAC,91.2502,581.854,-16.5183,90.112,580.512,42.96
720575940569807693,ON SAC,136.485,774.517,-13.9288,130.0,772.848,27.0
720575940578433226,ON SAC,564.101,309.698,-14.9126,564.16,304.992,35.24
720575940578352073,ON SAC,637.031,878.073,-14.5409,635.328,872.816,18.24
720575940578328010,ON SAC,82.0151,657.108,-15.256,78.24,657.2,40.4
720575940577616799,ON SAC,1023.31,1080.1,-16.2222,1020.688,1074.8,40.2
720575940569832526,ON SAC,657.11,700.582,-15.6891,656.16,700.096,12.72
720575940569836228,ON SAC,572.531,267.1,-19.7463,574.192,259.472,32.16
720575940578234322,ON SAC,199.755,884.415,-15.4669,195.152,882.752,25.56
720575940578207273,ON SAC,625.417,513.005,-20.4673,625.04,506.544,15.8
720575940578025832,ON SAC,212.194,738.504,-14.7164,203.216,738.144,18.92
720575940577942569,ON SAC,394.661,897.586,-16.0473,391.856,898.64,9.84
720575940577788520,ON SAC,797.124,547.253,-13.5237,796.752,543.632,22.52
720575940569950376,ON SAC,199.241,940.256,-15.5092,197.184,938.848,26.44
720575940577745865,ON SAC,696.523,258.491,-16.129,694.768,253.872,45.68
720575940577657109,ON SAC,622.263,104.924,-10.2384,623.152,97.808,60.04
720575940577649861,ON SAC,149.147,1064.39,-21.0555,150.496,1064.96,55.4
720575940577644860,ON SAC,981.923,861.447,-11.9405,978.848,860.032,20.96
720575940577638916,ON SAC,763.574,609.348,-13.1878,762.848,605.6,24.84
720575940569832816,ON SAC,970.868,1064.99,-13.739,968.032,1062.656,31.96
720575940565718351,ON SAC,295.829,832.284,-15.2704,290.048,830.704,9.8
720575940537038003,ON SAC,483.399,848.957,-15.1243,482.288,846.768,14.04
720575940565681262,ON SAC,188.537,530.838,-14.9336,183.808,527.024,26.48
720575940555817258,ON SAC,959.261,770.848,-12.6564,955.12,765.696,17.52
720575940555811098,ON SAC,861.104,711.145,-13.0692,861.328,707.376,23.32
720575940555811048,ON SAC,352.366,733.921,-15.3712,348.672,736.512,1.76
720575940555775964,ON SAC,612.782,434.026,-13.4092,612.064,428.976,22.0
720575940555747465,ON SAC,957.966,634.861,-14.0916,955.248,634.016,21.96
720575940555744066,ON SAC,641.762,386.097,-21.5527,638.496,381.392,25.32
720575940555693032,ON SAC,702.871,213.064,-16.4632,701.856,209.408,47.88
720575940555652590,ON SAC,855.583,188.093,-16.506,853.648,185.344,62.92
720575940555645155,ON SAC,587.528,302.456,-15.3307,587.152,297.632,36.16
720575940555601682,ON SAC,696.18,578.389,-13.9784,694.88,574.816,19.12
720575940555577538,ON SAC,243.225,345.901,-17.7017,239.04,342.608,44.56
720575940555571522,ON SAC,988.77,570.612,-12.9725,987.008,571.84,19.68
720575940555487786,ON SAC,783.413,789.682,-14.4744,781.712,787.104,17.04
720575940555476594,ON SAC,564.243,209.878,-18.506,564.176,203.392,51.08
720575940555463907,ON SAC,363.175,808.229,-14.3392,360.096,804.08,10.8
720575940555830554,ON SAC,975.256,689.831,-12.4879,975.424,687.136,17.04
720575940555863338,ON SAC,445.005,530.997,-15.7896,443.168,526.432,16.12
720575940555893724,ON SAC,232.344,408.722,-17.1527,228.688,403.056,31.4
720575940555902874,ON SAC,699.754,691.037,-15.2118,698.768,685.776,18.24
720575940556301800,ON SAC,833.49,437.518,-13.3881,833.536,433.168,31.4
720575940556292474,ON SAC,757.769,669.918,-13.7477,755.92,666.592,20.92
720575940556288487,ON SAC,660.046,596.334,-14.2835,658.016,591.184,18.92
720575940556261738,ON SAC,446.24,580.331,-15.5758,443.008,576.192,15.52
720575940556234362,ON SAC,247.695,653.194,-15.187,240.608,650.464,13.88
720575940556209635,ON SAC,1086.25,479.0,-17.951,1084.512,478.416,44.44
720575940556198762,ON SAC,722.469,197.376,-16.0766,721.936,197.968,53.68
720575940555414642,ON SAC,549.059,421.924,-15.5357,549.088,416.528,16.92
720575940556186927,ON SAC,616.009,225.721,-25.6214,616.672,222.336,35.12
720575940556168068,ON SAC,737.59,1083.86,-14.3653,734.896,1080.96,23.72
720575940556114915,ON SAC,589.762,1091.93,-12.2799,588.72,1088.688,25.28
720575940556057476,ON SAC,1009.75,471.592,-13.1743,1009.488,467.328,33.76
720575940556052712,ON SAC,715.31,770.277,-14.6611,714.32,766.784,19.12
720575940556048867,ON SAC,254.356,262.88,-17.0114,251.296,258.8,64.32
720575940556019427,ON SAC,379.583,171.108,-11.7129,378.56,165.056,67.92
720575940555986810,ON SAC,544.116,824.034,-13.5367,543.024,816.992,14.08
720575940556181098,ON SAC,524.622,515.438,-15.8335,526.432,511.696,17.12
720575940555390234,ON SAC,70.3183,607.103,-10.22,66.784,605.936,44.36
720575940555384294,ON SAC,788.547,1084.04,-14.7532,786.56,1079.664,28.12
720575940555372771,ON SAC,819.899,387.628,-15.769,820.784,383.776,28.4
720575940554689161,ON SAC,371.167,414.276,-12.238,366.512,406.32,22.56
720575940554670566,ON SAC,657.317,259.162,-17.9121,657.232,256.016,44.32
720575940554489687,ON SAC,248.054,294.977,-18.1613,245.04,288.288,55.88
720575940554483799,ON SAC,537.027,499.405,-17.6681,537.44,495.504,11.72
720575940554480408,ON SAC,845.558,901.433,-13.2445,843.008,901.488,18.96
720575940554443607,ON SAC,833.147,960.063,-12.2131,830.768,955.488,19.48
720575940554439194,ON SAC,803.67,290.469,-14.7966,804.896,287.808,47.32
720575940554699171,ON SAC,483.419,934.184,-15.1324,482.032,932.32,12.12
720575940554362381,ON SAC,222.577,554.266,-12.6143,217.008,551.808,24.6
720575940554327971,ON SAC,282.189,1084.21,-14.5931,281.824,1083.792,39.48
720575940554293286,ON SAC,833.261,560.877,-12.8319,833.552,557.744,25.88
720575940554287703,ON SAC,252.157,1057.73,-14.1642,251.2,1055.088,43.4
720575940554277120,ON SAC,954.026,356.493,-14.6852,952.768,351.648,40.88
720575940554113861,ON SAC,983.17,668.495,-12.9983,982.656,666.624,21.4
720575940554068887,ON SAC,143.69,664.403,-15.9205,141.744,659.184,28.32
720575940554051465,ON SAC,306.896,357.705,21.1644,305.264,353.696,80.16
720575940554362199,ON SAC,452.871,720.912,-14.5802,450.784,717.888,12.8
720575940556318770,ON SAC,383.338,634.808,-15.1576,380.208,631.968,11.76
720575940554749466,ON SAC,680.177,593.366,-12.6592,679.04,589.728,20.44
720575940554800092,ON SAC,713.925,250.695,-18.1973,714.08,247.744,48.48
720575940555325458,ON SAC,672.351,892.923,-13.4129,669.76,892.8,11.84
720575940555322851,ON SAC,605.938,458.391,-13.7862,604.608,453.728,18.32
720575940555250202,ON SAC,920.002,587.689,-12.5457,922.24,585.872,19.68
720575940555204228,ON SAC,883.069,308.885,-14.8742,883.2,306.192,43.48
720575940555195630,ON SAC,512.756,376.617,-15.9866,507.776,369.632,20.36
720575940555180570,ON SAC,415.862,286.442,-14.9954,411.776,285.488,34.04
720575940555137161,ON SAC,80.2623,831.05,-12.3227,76.704,830.48,40.44
720575940554782089,ON SAC,724.813,658.002,-13.4288,726.624,659.056,20.08
720575940555129993,ON SAC,998.728,731.807,-13.4125,998.24,728.864,18.64
720575940555042578,ON SAC,132.659,703.31,-14.9552,127.952,698.24,29.72
720575940555025858,ON SAC,906.67,313.094,-15.2221,907.68,309.808,45.32
720575940554961194,ON SAC,530.415,883.149,-13.9516,526.848,881.152,13.92
720575940554924681,ON SAC,955.807,465.167,-13.1573,954.64,461.744,29.24
720575940554922002,ON SAC,565.601,155.942,-17.5869,564.96,150.944,59.32
720575940554888746,ON SAC,679.698,426.737,-14.1898,678.336,427.248,28.08
720575940554854281,ON SAC,557.234,594.897,-12.8869,554.304,591.856,19.28
720575940555128770,ON SAC,364.509,914.531,-15.5367,359.984,914.992,13.68
720575940556330650,ON SAC,406.34,378.278,-17.5041,403.376,371.52,21.32
720575940556344035,ON SAC,895.084,961.994,-12.5151,893.648,958.896,24.0
720575940556380962,ON SAC,418.135,531.446,-14.5904,418.704,527.712,14.12
720575940557628743,ON SAC,147.434,516.951,-17.9653,144.672,511.072,37.12
720575940557625542,ON SAC,869.62,384.569,-14.9985,869.648,381.6,32.96
720575940557618015,ON SAC,823.998,757.767,-12.0603,823.456,755.536,21.72
720575940557613323,ON SAC,681.168,402.266,-14.8929,683.296,398.368,28.0
720575940557599612,ON SAC,510.672,915.48,-14.2927,510.176,913.184,14.72
720575940557594968,ON SAC,794.986,529.273,-15.5654,794.32,525.12,23.92
720575940557533656,ON SAC,897.888,301.621,-14.5381,899.392,298.992,46.76
720575940557699800,ON SAC,431.263,840.793,-14.9896,429.888,838.848,13.08
720575940557532150,ON SAC,919.358,469.387,-13.3466,916.832,466.816,28.28
720575940557468392,ON SAC,560.426,1001.94,-14.7522,558.64,999.728,22.44
720575940557381622,ON SAC,752.659,951.579,-13.9013,752.72,947.296,14.36
720575940557380703,ON SAC,566.745,549.881,-18.2695,565.2,545.584,14.68
720575940557348736,ON SAC,771.327,610.187,-13.236,769.392,606.752,23.76
720575940557319670,ON SAC,775.237,386.33,-14.9455,775.2,384.88,35.68
720575940557305846,ON SAC,711.461,913.995,-13.5275,710.016,910.816,18.28
720575940557291790,ON SAC,479.061,793.849,-16.9474,474.592,792.336,7.6
720575940557490503,ON SAC,570.991,177.775,-17.6245,571.984,177.184,56.64
720575940557264398,ON SAC,599.135,737.438,-15.1606,594.528,733.568,13.76
720575940557716726,ON SAC,718.327,137.1,-15.1943,718.656,135.088,61.76
720575940557811855,ON SAC,354.177,252.848,-17.3107,351.024,244.848,53.68
720575940558159228,ON SAC,822.955,137.496,-5.20507,822.896,133.808,67.24
720575940558121856,ON SAC,774.666,709.135,-13.9909,773.696,705.744,20.12
720575940558119460,ON SAC,747.721,373.423,-14.518,746.944,369.456,35.4
720575940558112327,ON SAC,365.36,222.195,-28.4271,364.16,220.544,48.88
720575940558087495,ON SAC,560.104,901.753,-14.6262,560.512,903.712,12.28
720575940558084952,ON SAC,638.376,717.26,-12.7984,638.96,713.984,19.88
720575940558084622,ON SAC,1016.18,413.507,-13.6857,1017.36,411.44,40.12
720575940557803392,ON SAC,446.405,551.454,-17.1396,444.352,545.264,8.64
720575940558076028,ON SAC,893.914,604.08,-12.5862,890.816,601.904,23.8
720575940558016095,ON SAC,910.67,993.033,-13.8287,909.472,988.8,25.24
720575940557996642,ON SAC,109.92,471.559,-19.2854,104.704,467.968,51.2
720575940557969398,ON SAC,172.527,870.682,-15.6991,169.04,867.504,28.36
720575940557961826,ON SAC,86.8499,778.474,-14.1675,82.0,779.424,37.64
720575940557921829,ON SAC,588.465,344.69,-14.9124,587.936,336.0,27.2
720575940557894342,ON SAC,905.63,903.832,-14.3583,902.416,901.952,18.56
720575940557886095,ON SAC,972.897,413.396,-14.3818,972.416,411.824,40.56
720575940558028247,ON SAC,754.718,680.764,-12.8498,752.576,681.216,20.76
720575940553950554,ON SAC,196.313,995.383,-16.2832,193.376,994.096,38.16
720575940557218863,ON SAC,807.542,1046.89,-14.6176,804.288,1044.56,23.88
720575940557158962,ON SAC,173.308,1009.14,-14.3561,171.712,1007.68,45.36
720575940556765443,ON SAC,495.944,444.801,-15.1382,494.112,442.624,15.4
720575940556761472,ON SAC,589.989,228.639,-21.0265,588.928,222.656,40.96
720575940556692608,ON SAC,301.011,726.089,-15.4921,296.864,720.64,7.84
720575940556683747,ON SAC,259.044,509.718,-13.172,249.712,505.248,17.0
720575940556672578,ON SAC,945.659,239.777,-14.091,944.544,238.768,65.64
720575940556652338,ON SAC,699.58,835.565,-14.1762,698.016,832.912,16.6
720575940556623138,ON SAC,615.57,961.864,-16.1567,613.552,959.424,19.0
720575940556791146,ON SAC,208.155,436.134,-15.04,202.944,425.056,37.24
720575940556609768,ON SAC,946.208,318.044,-18.0003,947.52,316.928,43.92
720575940556566504,ON SAC,744.454,1047.05,-13.7022,742.816,1045.52,23.28
720575940556526212,ON SAC,203.912,482.827,-17.7816,198.736,479.392,26.92
720575940556458543,ON SAC,365.847,705.988,-16.5848,362.16,699.552,10.28
720575940556424826,ON SAC,698.637,328.875,-17.2009,700.944,323.872,37.56
720575940556421607,ON SAC,628.29,397.15,-16.2218,627.92,394.16,25.48
720575940556421069,ON SAC,440.034,664.151,-15.9762,437.904,660.976,12.92
720575940556383642,ON SAC,523.974,244.138,-15.407,522.272,238.448,44.12
720575940556578458,ON SAC,221.387,1090.84,-16.5778,219.264,1089.776,51.88
720575940557209439,ON SAC,420.579,983.522,-16.5518,420.384,980.912,18.48
720575940556810090,ON SAC,797.912,908.452,-12.6804,797.808,904.4,17.08
720575940556888566,ON SAC,769.61,184.49,-18.9452,771.456,184.608,58.52
720575940557154520,ON SAC,341.296,306.165,-17.301,340.24,297.472,40.12
720575940557132035,ON SAC,185.154,780.983,-16.2736,181.936,780.048,16.52
720575940557124706,ON SAC,809.096,226.749,-16.5255,801.152,222.992,50.56
720575940557124130,ON SAC,765.965,1041.87,-12.777,759.808,1034.624,23.64
720575940557124099,ON SAC,281.429,740.31,-14.5608,275.2,739.328,7.52
720575940557119898,ON SAC,420.15,691.684,-15.0197,414.352,685.52,8.64
720575940557105711,ON SAC,202.509,643.25,-15.2094,194.768,639.92,20.4
720575940556881770,ON SAC,745.073,824.572,-12.3373,743.712,818.512,18.08
720575940557092194,ON SAC,598.277,183.831,-19.3652,597.728,176.576,54.48
720575940557067497,ON SAC,562.942,213.934,-22.9476,562.672,210.368,37.12
720575940557065506,ON SAC,1088.88,509.945,-13.6903,1086.176,513.52,35.16
720575940557001987,ON SAC,796.557,485.029,-14.4756,794.976,481.248,32.36
720575940556985978,ON SAC,466.679,687.0,-16.4372,460.8,683.664,9.72
720575940556970217,ON SAC,147.214,842.487,-13.7692,141.344,842.016,26.88
720575940556922932,ON SAC,306.804,293.048,-18.2225,304.384,288.08,44.0
720575940556890358,ON SAC,860.507,441.715,-11.9818,861.504,436.752,27.76
720575940557067534,ON SAC,320.32,644.027,-15.8568,315.216,639.088,9.24
720575940558176600,ON SAC,786.17,935.565,-14.1427,786.24,935.632,14.56
720575940553935194,ON SAC,547.875,278.814,-13.9773,548.176,274.88,39.6
720575940553857037,ON SAC,1032.23,802.786,-10.7864,1036.624,797.552,22.96
720575940550494885,ON SAC,670.592,440.74,-14.835,669.472,433.952,26.44
720575940550492073,ON SAC,494.423,269.108,-14.4156,493.168,262.896,36.36
720575940550401319,ON SAC,326.792,978.674,-11.8847,326.592,980.656,17.6
720575940550396768,ON SAC,804.005,960.048,-13.87,800.608,959.408,13.28
720575940550394683,ON SAC,293.242,348.387,-14.7762,289.36,340.832,34.64
720575940550356539,ON SAC,996.927,510.882,-15.6759,995.536,507.472,27.08
720575940550026196,ON SAC,997.719,808.167,-11.8188,994.848,807.36,21.4
720575940550011106,ON SAC,561.459,359.32,-16.1487,559.68,354.112,23.64
720575940549994964,ON SAC,749.592,1016.15,-15.1053,746.768,1011.024,20.84
720575940549983444,ON SAC,883.753,681.189,-13.2962,882.736,677.552,20.2
720575940549776224,ON SAC,625.066,288.945,-17.3088,622.784,284.128,36.8
720575940549587590,ON SAC,240.748,925.814,-14.0891,235.888,928.24,21.64
720575940549478356,ON SAC,325.755,903.113,-15.9584,323.408,900.032,7.08
720575940549126856,ON SAC,584.942,970.435,-16.4567,585.552,966.0,15.16
720575940548778374,ON SAC,744.242,1092.44,-14.3675,742.976,1090.784,23.72
720575940550507433,ON SAC,398.505,262.759,-17.1036,395.36,256.608,46.2
720575940550551252,ON SAC,466.737,623.131,-14.8386,466.448,619.04,14.08
720575940550563424,ON SAC,163.743,623.653,-15.1771,158.272,619.888,24.56
720575940550589861,ON SAC,584.382,705.83,-14.1815,582.576,702.368,17.12
720575940551402976,ON SAC,202.023,578.155,-15.7287,198.4,573.392,22.8
720575940551366848,ON SAC,880.111,248.694,-15.8805,882.608,246.144,49.8
720575940551293664,ON SAC,670.802,736.444,-15.921,669.792,729.808,20.16
720575940551265760,ON SAC,560.928,866.516,-11.2624,559.76,864.272,18.36
720575940551104086,ON SAC,430.795,984.808,-14.6217,425.376,982.08,18.32
720575940551100711,ON SAC,381.862,1044.72,-11.198,377.632,1044.72,29.28
720575940551096489,ON SAC,604.741,1064.84,-12.6422,606.56,1061.968,21.24
720575940548648582,ON SAC,295.785,474.855,-15.3407,290.928,470.88,18.28
720575940551051840,ON SAC,614.696,643.871,-13.9371,611.232,638.064,19.96
720575940550881250,ON SAC,1009.91,898.041,-13.4291,1007.728,894.176,25.28
720575940550838567,ON SAC,789.959,758.746,-13.7021,790.096,755.44,20.04
720575940550828002,ON SAC,94.1706,958.464,-15.4876,93.568,956.192,55.24
720575940550759138,ON SAC,890.505,745.002,-13.1406,890.624,740.576,20.76
720575940550728617,ON SAC,298.362,689.765,-15.9337,292.576,691.792,4.68
720575940550644672,ON SAC,834.207,641.607,-12.8779,832.592,637.84,23.8
720575940550619305,ON SAC,735.784,319.817,-15.0553,734.96,316.064,41.64
720575940550972224,ON SAC,348.993,680.159,-14.3387,345.152,677.664,10.4
720575940548462211,ON SAC,1067.93,603.623,-13.9779,1071.776,601.072,26.56
720575940548441475,ON SAC,967.152,730.256,-14.3331,961.6,726.64,17.56
720575940548433081,ON SAC,1025.77,781.665,-13.6275,1021.328,778.176,19.36
720575940546029555,ON SAC,1009.19,536.641,-15.7295,1010.8,531.648,23.64
720575940545899781,ON SAC,611.52,368.011,-15.3711,611.92,362.864,29.08
720575940545827827,ON SAC,916.926,517.426,-14.0058,916.496,515.552,22.76
720575940545793779,ON SAC,862.882,311.29,-15.8454,862.912,309.008,41.4
720575940545311219,ON SAC,530.096,461.939,-14.7704,528.816,456.448,14.44
720575940545220339,ON SAC,953.894,1090.81,-14.4095,953.168,1083.312,35.68
720575940541316472,ON SAC,402.356,321.793,-14.6034,398.032,313.568,36.84
720575940546065651,ON SAC,124.379,515.062,-15.7835,120.24,512.32,43.08
720575940541191544,ON SAC,698.344,549.424,-13.9495,696.384,545.728,19.84
720575940538363059,ON SAC,896.458,831.204,-15.3634,899.184,827.264,18.96
720575940538160307,ON SAC,110.569,948.033,-17.9767,113.968,945.712,46.28
720575940537960627,ON SAC,662.993,945.129,-12.6094,658.816,941.392,15.4
720575940537880755,ON SAC,111.692,780.303,-12.418,107.856,775.968,36.32
720575940537793203,ON SAC,145.04,399.109,-33.5365,143.6,397.792,55.36
720575940537562803,ON SAC,864.738,830.033,-15.8353,864.064,825.68,16.92
720575940537340595,ON SAC,202.296,458.33,-18.2129,197.392,453.584,30.88
720575940541190008,ON SAC,409.397,457.993,-13.833,407.68,452.8,15.36
720575940551432008,ON SAC,692.142,470.174,-14.2727,691.456,467.616,27.0
720575940546181260,ON SAC,619.897,535.039,-20.2221,617.424,529.92,14.84
720575940546260723,ON SAC,989.132,902.003,-14.3179,986.48,903.776,22.32
720575940548394425,ON SAC,928.978,220.539,-11.2683,927.84,221.008,68.68
720575940548370873,ON SAC,852.135,969.261,-13.3488,852.832,966.864,18.0
720575940548362696,ON SAC,607.171,595.421,-13.4813,605.088,592.048,22.08
720575940548357049,ON SAC,1049.69,754.852,-13.6099,1049.04,754.48,19.2
720575940548088707,ON SAC,398.219,796.24,-15.9342,393.936,792.08,7.72
720575940548080262,ON SAC,551.263,1101.81,-9.56581,549.664,1100.208,32.52
720575940547961987,ON SAC,683.497,238.942,-17.9431,681.744,235.872,47.6
720575940546254067,ON SAC,198.566,1021.6,-17.1504,196.08,1021.216,42.28
720575940547940040,ON SAC,612.58,285.237,-16.1687,611.328,280.672,37.64
720575940547308217,ON SAC,679.86,369.219,-18.2831,677.584,365.824,28.6
720575940547131276,ON SAC,196.485,381.705,-16.3307,191.328,377.744,46.48
720575940547022341,ON SAC,936.666,728.261,-13.7012,934.112,725.44,18.28
720575940547017221,ON SAC,637.278,789.474,-20.0364,638.736,789.552,12.8
720575940546779221,ON SAC,956.745,1044.96,-13.824,955.552,1044.496,30.32
720575940546700549,ON SAC,554.23,470.813,-14.7927,555.76,467.008,16.96
720575940546695052,ON SAC,644.73,846.011,-15.5238,642.224,842.16,16.0
720575940547313849,ON SAC,761.211,357.417,-15.526,760.72,354.0,36.88
720575940551486280,ON SAC,805.425,464.053,-13.0639,802.24,459.488,31.52
720575940551515976,ON SAC,682.301,146.066,-22.0683,683.152,142.416,55.72
720575940551563488,ON SAC,979.088,310.987,-16.5326,974.112,309.536,50.8
720575940553440090,ON SAC,1028.98,715.709,-13.7553,1027.968,711.568,23.64
720575940553409395,ON SAC,351.895,810.527,-18.0097,348.56,812.032,0.48
720575940553326531,ON SAC,808.372,144.146,-10.6788,805.696,141.28,65.32
720575940553318851,ON SAC,716.636,168.531,-16.8729,715.472,167.712,59.84
720575940553314650,ON SAC,923.572,366.29,-15.5015,922.24,362.016,38.0
720575940553311066,ON SAC,421.342,323.038,-15.2685,418.784,315.392,34.72
720575940553265421,ON SAC,494.485,997.041,-15.5762,491.904,996.032,19.16
720575940553456035,ON SAC,593.78,221.317,-23.4544,592.832,215.584,39.96
720575940553227459,ON SAC,1093.38,735.299,-9.27351,1090.288,731.776,24.52
720575940553210263,ON SAC,869.86,394.389,-12.9441,868.912,390.56,35.36
720575940553208003,ON SAC,212.612,822.758,-13.9993,205.92,823.776,18.96
720575940553158595,ON SAC,288.039,1048.36,-13.7036,286.112,1047.328,36.36
720575940553138705,ON SAC,999.65,1059.78,-15.7391,996.944,1052.784,36.92
720575940553126081,ON SAC,440.866,503.913,-15.0165,435.088,497.376,10.56
720575940553121139,ON SAC,1033.86,636.683,-12.8294,1035.584,636.544,17.36
720575940553079747,ON SAC,982.34,773.982,-12.7423,982.832,774.528,23.44
720575940553211973,ON SAC,617.6,412.249,-14.9119,617.152,408.32,23.32
720575940553049157,ON SAC,282.457,789.629,-12.9052,279.776,793.984,4.44
720575940553469457,ON SAC,406.979,1010.63,-13.7579,399.936,1010.96,23.24
720575940553534463,ON SAC,311.603,774.477,-18.8313,307.376,772.912,0.56
720575940553806167,ON SAC,372.375,868.59,-16.7378,368.864,864.128,7.52
720575940553801229,ON SAC,412.971,1045.34,-12.3024,409.648,1045.136,26.84
720575940553785813,ON SAC,251.378,716.038,-13.6504,244.016,714.128,12.32
720575940553760919,ON SAC,237.024,905.892,-12.5944,237.904,907.088,18.68
720575940553752645,ON SAC,725.785,761.058,-13.6629,724.512,755.648,20.44
720575940553720471,ON SAC,520.59,1028.07,-13.5969,519.856,1027.296,26.32
720575940553719320,ON SAC,608.798,790.253,-15.7464,608.304,787.84,21.68
720575940553514842,ON SAC,855.844,166.747,-14.2031,856.912,166.704,63.08
720575940553718341,ON SAC,331.005,692.976,-14.4657,327.728,687.488,9.88
720575940553695127,ON SAC,908.9,600.53,-13.8907,908.688,597.504,22.28
720575940553651992,ON SAC,881.943,334.896,-14.3426,880.272,331.84,39.96
720575940553647640,ON SAC,710.178,525.414,-12.2914,707.552,520.384,20.64
720575940553637210,ON SAC,1089.11,766.993,-10.9321,1085.328,764.72,27.52
720575940553633304,ON SAC,729.801,444.724,-16.6154,729.328,440.304,27.28
720575940553555863,ON SAC,354.626,670.98,-15.2016,351.632,667.616,10.72
720575940553545587,ON SAC,299.272,611.409,-16.3295,292.112,608.288,14.8
720575940553706330,ON SAC,986.378,593.516,-13.0518,984.208,591.152,23.04
720575940553909030,ON SAC,272.489,578.201,-19.3093,267.2,575.376,11.48
720575940553034691,ON SAC,89.6115,761.316,-17.7425,85.04,758.656,36.6
720575940552947139,ON SAC,954.568,417.418,-13.9253,955.472,412.704,36.16
720575940552076360,ON SAC,1059.84,462.666,-15.1449,1061.168,464.608,37.16
720575940552031560,ON SAC,563.487,117.852,-15.23,563.12,113.472,63.52
720575940551916000,ON SAC,217.317,1040.25,-15.4345,214.384,1036.432,40.76
720575940551877887,ON SAC,515.986,840.291,-12.2085,513.92,837.472,15.76
720575940551865160,ON SAC,507.986,586.174,-14.4606,506.912,578.8,20.64
720575940551865087,ON SAC,532.929,639.01,-14.4212,530.816,634.464,15.96
720575940551864435,ON SAC,773.723,492.912,-16.971,772.704,490.096,25.16
720575940552095986,ON SAC,236.441,857.852,-13.5591,228.128,856.752,20.24
720575940551839552,ON SAC,982.636,722.727,-13.3514,979.504,722.256,14.36
720575940551774912,ON SAC,99.3418,986.877,-17.2808,98.192,984.128,55.36
720575940551774176,ON SAC,166.519,478.312,-14.613,160.384,472.272,38.12
720575940551770688,ON SAC,107.083,480.432,-18.8034,103.424,479.232,53.96
720575940551719105,ON SAC,228.629,855.633,-13.3837,219.168,851.024,18.48
720575940551719027,ON SAC,817.446,271.792,-16.3229,818.624,268.704,45.16
720575940551610710,ON SAC,135.232,435.183,-21.876,129.824,433.984,48.88
720575940551592703,ON SAC,586.872,1016.55,-13.5611,584.624,1011.056,23.44
720575940551837888,ON SAC,801.623,594.174,-12.8675,800.72,594.032,27.28
720575940553016515,ON SAC,990.845,616.43,-14.9047,993.072,615.088,15.52
720575940552133600,ON SAC,638.622,445.374,-14.9989,638.976,444.496,28.44
720575940552304096,ON SAC,746.649,577.739,-13.5041,744.8,574.256,25.32
720575940552880835,ON SAC,181.229,676.129,-15.4994,176.704,673.104,21.72
720575940552878661,ON SAC,736.765,299.092,-15.2397,735.248,296.288,43.4
720575940552838981,ON SAC,603.813,392.553,-16.1293,603.376,386.064,24.12
720575940552833553,ON SAC,493.05,292.067,-14.8398,491.056,287.616,34.48
720575940552822527,ON SAC,171.233,1058.18,-15.6234,173.664,1057.12,58.76
720575940552765457,ON SAC,370.531,814.888,-17.0116,367.328,811.024,6.64
720575940552753992,ON SAC,435.376,355.03,-13.6081,432.288,349.792,23.12
720575940552240299,ON SAC,245.642,1079.46,-17.5621,244.496,1076.784,45.44
720575940552687573,ON SAC,799.291,591.183,-17.8464,797.872,585.408,19.88
720575940552665672,ON SAC,918.201,1012.94,-13.0948,914.656,1013.648,25.4
720575940552626603,ON SAC,353.677,578.407,-14.1883,349.232,576.624,13.96
720575940552612545,ON SAC,173.024,711.185,-14.3863,168.592,710.192,23.92
720575940552505087,ON SAC,934.214,990.94,-12.2835,932.208,987.824,24.6
720575940552436241,ON SAC,373.449,492.681,-13.6161,369.552,486.32,17.84
720575940552428530,ON SAC,523.728,224.774,-13.2439,521.952,216.752,47.88
720575940552309699,ON SAC,558.7,810.228,-15.052,554.736,802.896,14.08
720575940552667104,ON SAC,319.771,908.74,-15.803,315.808,907.12,13.08
720575940565698670,ON SAC,356.906,280.47,-15.884,355.6,273.552,43.88
720575940558186112,ON SAC,116.708,574.421,-19.5276,114.56,569.408,38.0
720575940558216152,ON SAC,317.918,491.812,-14.4388,313.328,487.712,14.64
720575940563562775,ON SAC,820.263,1006.52,-14.267,819.568,1002.272,21.24
720575940563542839,ON SAC,842.848,403.002,-13.6576,840.96,399.52,35.16
720575940563531859,ON SAC,944.432,966.559,-12.0956,941.968,966.432,23.16
720575940563530656,ON SAC,363.316,467.051,-13.1661,360.416,462.688,18.28
720575940563526975,ON SAC,450.357,716.282,-16.9959,447.856,712.096,10.16
720575940563523565,ON SAC,835.632,416.705,-13.3081,834.432,413.152,31.56
720575940563480480,ON SAC,666.386,823.731,-12.5594,666.16,819.856,17.04
720575940563471789,ON SAC,241.437,975.271,-13.0827,241.264,973.536,29.0
720575940563455827,ON SAC,190.495,305.846,-12.2117,185.248,301.072,69.08
720575940563428781,ON SAC,152.391,959.047,-14.8105,149.904,957.52,39.56
720575940563424373,ON SAC,919.525,726.187,-14.4694,918.384,721.952,20.4
720575940563421628,ON SAC,785.94,687.084,-13.3513,784.736,682.272,22.24
720575940589319572,ON SAC,759.294,902.301,-14.9254,758.048,898.0,18.68
720575940563362974,ON SAC,463.64,909.441,-12.926,461.424,909.296,8.76
720575940563341119,ON SAC,730.839,503.06,-14.3105,729.616,497.408,26.68
720575940563609957,ON SAC,830.776,821.172,-14.5931,829.968,818.176,18.08
720575940563642272,ON SAC,269.973,474.749,-12.9147,266.032,468.352,21.32
720575940563646747,ON SAC,401.02,565.19,-18.4576,394.048,564.016,5.6
720575940563652525,ON SAC,1021.47,1006.47,-14.3729,1021.12,1004.24,29.72
720575940563915727,ON SAC,813.072,1024.09,-13.9555,811.888,1021.024,21.28
720575940563913441,ON SAC,318.798,999.056,-12.6001,321.28,998.912,19.56
720575940563892025,ON SAC,831.983,810.524,-14.6145,827.872,806.288,15.68
720575940563879479,ON SAC,508.328,572.957,-13.7518,507.392,575.232,20.96
720575940563877019,ON SAC,1027.93,925.19,-13.0834,1026.304,921.6,26.24
720575940563871016,ON SAC,535.444,1092.82,-14.3613,534.992,1091.248,29.52
720575940563853984,ON SAC,513.378,316.194,-14.1265,513.568,311.728,33.96
720575940563329455,ON SAC,156.344,678.806,-13.5224,151.328,674.72,27.48
720575940563836891,ON SAC,495.15,875.658,-16.9494,493.04,873.6,11.36
720575940563819245,ON SAC,619.719,592.229,-12.0501,615.344,585.12,25.44
720575940563808493,ON SAC,539.855,345.263,-14.7328,538.768,337.952,26.88
720575940563797943,ON SAC,433.553,1048.49,-10.2012,433.84,1047.056,26.52
720575940563703669,ON SAC,521.194,651.423,-16.3773,519.728,648.592,13.56
720575940563685101,ON SAC,709.77,577.634,-12.7151,706.928,574.512,24.64
720575940563679784,ON SAC,243.538,543.35,-13.5079,237.84,538.512,20.92
720575940563658733,ON SAC,329.546,874.598,-16.728,324.944,870.368,8.56
720575940563824591,ON SAC,132.12,815.196,-13.4709,126.352,812.592,29.56
720575940563319169,ON SAC,661.781,176.132,-18.6507,660.064,171.616,53.12
720575940563311085,ON SAC,332.85,738.761,-16.0788,326.672,735.904,6.12
720575940563306415,ON SAC,133.406,896.517,-16.3153,130.64,895.648,34.8
720575940562785967,ON SAC,191.278,579.193,-13.6026,186.432,578.272,20.36
720575940562785163,ON SAC,652.065,564.055,-17.3231,648.4,560.304,14.12
720575940562758679,ON SAC,265.059,233.898,-5.61821,260.112,228.352,68.72
720575940562704590,ON SAC,348.288,948.663,-16.0942,343.568,949.264,17.16
720575940562701216,ON SAC,993.099,336.585,-20.0681,989.76,338.88,50.08
720575940562674293,ON SAC,658.863,479.893,-17.9789,656.08,474.432,22.04
720575940562669785,ON SAC,394.176,607.779,-16.9845,391.488,603.264,11.56
720575940562796239,ON SAC,600.142,330.327,-15.6943,598.944,326.816,34.64
720575940562655211,ON SAC,790.733,641.071,-14.3531,788.464,636.576,22.8
720575940562620335,ON SAC,409.246,507.72,-14.3108,404.112,499.264,14.04
720575940562589869,ON SAC,276.334,432.875,-12.8818,273.264,429.824,22.12
720575940562550698,ON SAC,1001.44,996.514,-12.7954,999.408,993.952,29.6
720575940562518667,ON SAC,432.681,743.303,-14.9335,429.68,741.728,12.16
720575940562454645,ON SAC,273.467,705.149,-17.366,268.88,709.28,3.16
720575940562339230,ON SAC,1041.06,328.131,-14.9032,1040.112,328.656,66.16
720575940562314891,ON SAC,772.32,980.872,-14.0673,772.224,975.936,19.12
720575940562636115,ON SAC,789.079,425.204,-13.717,788.288,421.632,31.76
720575940563918496,ON SAC,485.681,331.827,-13.1911,483.232,326.064,27.6
720575940562849463,ON SAC,554.628,949.885,-15.3906,553.136,943.712,15.2
720575940562928045,ON SAC,184.303,829.112,-13.5236,180.56,827.776,26.52
720575940563258391,ON SAC,622.692,925.453,-13.5085,621.616,926.416,15.64
720575940563254189,ON SAC,58.7292,916.527,-7.37796,60.848,911.728,54.04
720575940563243031,ON SAC,264.638,601.597,-17.9321,258.96,597.472,11.88
720575940563235189,ON SAC,487.336,818.386,-15.6401,486.064,815.568,12.52
720575940563230683,ON SAC,1044.33,614.29,-13.5703,1043.808,610.848,24.4
720575940563230603,ON SAC,912.524,764.449,-13.401,909.248,761.232,15.72
720575940563180699,ON SAC,390.81,694.729,-15.1653,388.4,690.128,11.2
720575940562887119,ON SAC,665.792,404.955,-17.6451,664.944,399.984,24.08
720575940563145273,ON SAC,585.934,311.71,-15.9353,584.8,305.152,35.6
720575940563130011,ON SAC,372.171,740.529,-15.6634,367.616,736.752,9.48
720575940563084523,ON SAC,265.211,562.576,-14.9769,260.128,559.136,17.72
720575940563072117,ON SAC,353.386,625.231,-14.4198,349.136,621.088,10.44
720575940563008672,ON SAC,617.998,163.37,-16.4543,618.784,158.656,60.44
720575940563005083,ON SAC,861.435,814.709,-13.6155,857.248,813.936,13.64
720575940562989963,ON SAC,473.643,300.724,-13.9898,468.32,296.992,31.32
720575940562954054,ON SAC,690.939,330.101,-15.9901,690.464,326.096,35.36
720575940563130182,ON SAC,967.683,749.99,-14.3202,969.872,747.888,18.48
720575940563936795,ON SAC,868.736,900.986,-12.994,864.112,901.504,18.56
720575940563952880,ON SAC,463.039,271.376,-14.2307,463.824,265.808,36.8
720575940563969212,ON SAC,988.976,948.285,-13.1433,988.24,946.688,25.12
720575940565175396,ON SAC,240.384,306.936,-18.2016,238.864,301.808,54.64
720575940565170276,ON SAC,443.143,313.705,-16.1256,443.248,306.32,30.12
720575940565168996,ON SAC,896.699,499.623,-14.9271,894.896,494.736,24.44
720575940565165807,ON SAC,571.907,425.928,-12.6227,572.592,422.224,20.84
720575940565139620,ON SAC,318.364,540.661,-14.3861,311.616,531.696,15.12
720575940565093857,ON SAC,456.918,902.619,-12.5068,453.28,900.72,14.2
720575940565089505,ON SAC,354.766,1021.03,-10.4763,352.144,1023.136,23.88
720575940565249783,ON SAC,286.11,310.018,-17.6218,283.152,303.824,43.76
720575940565083892,ON SAC,835.934,585.054,-13.4866,836.016,581.504,19.44
720575940565042127,ON SAC,265.82,671.802,-14.9617,259.392,668.464,13.08
720575940565040740,ON SAC,601.173,687.911,-15.09,598.736,686.784,12.32
720575940564908196,ON SAC,422.84,444.215,-15.3716,420.688,439.776,17.0
720575940564853671,ON SAC,953.769,944.722,-13.0494,953.312,942.576,22.4
720575940564835831,ON SAC,1051.87,362.957,-19.3705,1050.528,363.376,60.56
720575940564829153,ON SAC,471.703,570.796,-14.0374,470.832,566.688,16.28
720575940564828445,ON SAC,505.048,947.248,-15.6805,502.832,946.384,15.72
720575940565048676,ON SAC,380.333,536.306,-14.9392,376.592,529.84,14.04
720575940564821495,ON SAC,345.414,220.9,-32.6269,344.064,217.632,49.6
720575940565308404,ON SAC,290.599,648.424,-13.6019,285.184,645.184,13.88
720575940565329821,ON SAC,574.98,249.949,-17.6101,573.792,243.968,44.2
720575940565678671,ON SAC,1013.23,620.775,-12.837,1013.488,619.44,23.28
720575940565647069,ON SAC,672.64,690.424,-12.7638,670.128,687.376,19.68
720575940565633309,ON SAC,96.9155,633.849,-14.5838,92.528,628.272,40.2
720575940565539987,ON SAC,684.093,308.564,-21.1469,683.168,303.888,33.8
720575940565536622,ON SAC,485.348,232.59,-15.3168,482.32,225.744,49.52
720575940565531127,ON SAC,711.291,797.683,-12.8445,708.176,794.128,20.84
720575940565516645,ON SAC,462.912,600.39,-14.2351,460.368,594.64,14.08
720575940565326436,ON SAC,693.83,145.936,-17.0351,692.384,142.032,61.96
720575940565515877,ON SAC,676.02,754.834,-16.2979,675.296,757.44,14.24
720575940565491279,ON SAC,658.108,858.712,-14.7694,657.344,857.872,14.36
720575940565486693,ON SAC,467.818,543.644,-17.1976,465.664,539.024,15.12
720575940565479325,ON SAC,333.4,562.65,-17.4885,328.288,558.288,9.64
720575940565423507,ON SAC,797.543,221.468,-18.7032,797.28,218.336,50.48
720575940565394020,ON SAC,169.818,958.007,-17.8635,165.952,957.84,38.08
720575940565356788,ON SAC,269.711,835.41,-16.5319,268.8,835.76,5.2
720575940565343901,ON SAC,1016.49,296.587,-8.51974,1011.68,297.776,63.68
720575940565497076,ON SAC,182.764,325.881,-15.7272,182.576,323.488,61.92
720575940562294942,ON SAC,1060.87,559.36,-13.1539,1061.712,556.896,27.96
720575940564798850,ON SAC,389.893,434.879,-15.9174,385.44,427.76,17.24
720575940564682407,ON SAC,1021.89,496.605,-13.8229,1018.944,490.976,30.52
720575940564251961,ON SAC,311.492,1039.19,-13.8284,313.056,1038.0,31.64
720575940564247996,ON SAC,426.289,252.998,-15.7605,425.216,246.944,42.8
720575940564228512,ON SAC,1014.53,753.437,-11.8019,1012.608,755.008,21.32
720575940564216045,ON SAC,318.056,218.775,-22.8714,314.72,215.952,63.72
720575940564207161,ON SAC,959.104,283.125,-16.3734,961.52,281.824,58.24
720575940564205979,ON SAC,673.303,913.612,-13.2406,671.952,908.544,14.52
720575940564163368,ON SAC,119.427,1029.15,-17.4113,118.16,1025.936,56.12
720575940564257947,ON SAC,918.355,392.685,-16.0713,918.224,389.824,32.36
720575940564161576,ON SAC,183.128,550.942,-17.6585,174.688,546.512,21.48
720575940564151336,ON SAC,424.47,358.086,-16.9543,420.928,350.448,22.44
720575940564149711,ON SAC,951.157,287.714,-18.8462,951.168,285.408,52.76
720575940564143935,ON SAC,858.578,532.816,-13.8921,856.912,528.64,26.0
720575940564099895,ON SAC,1072.26,533.621,-14.6942,1072.368,532.432,33.84
720575940564056055,ON SAC,314.747,831.591,-18.508,308.64,823.344,8.04
720575940564004927,ON SAC,576.697,955.837,-17.1577,574.8,955.136,15.0
720575940563996571,ON SAC,1047.74,961.898,-14.6948,1045.344,961.808,28.56
720575940564151484,ON SAC,838.546,879.448,-13.9201,837.456,870.16,18.48
720575940564746853,ON SAC,896.979,1092.93,-13.8132,894.368,1089.712,29.56
720575940564269670,ON SAC,145.546,756.166,-14.6774,143.504,753.52,27.48
720575940564303341,ON SAC,140.244,359.961,-12.9879,138.912,359.216,64.08
720575940564671725,ON SAC,225.18,1013.91,-14.1905,226.992,1012.096,35.48
720575940564611739,ON SAC,530.834,1057.48,-18.0378,528.352,1055.264,22.96
720575940564608500,ON SAC,196.064,433.15,-14.786,191.456,427.872,38.48
720575940564572773,ON SAC,927.724,551.899,-13.397,928.592,546.816,20.04
720575940564564983,ON SAC,545.799,1036.1,-14.9478,544.352,1033.776,22.16
720575940564541687,ON SAC,927.219,675.682,-12.1454,926.896,673.408,18.8
720575940564494836,ON SAC,392.032,191.209,-22.7266,389.824,189.12,49.84
720575940564298065,ON SAC,960.887,897.04,-11.3971,958.928,894.176,25.24
720575940564485945,ON SAC,1069.2,1023.17,-13.7621,1066.944,1018.576,39.8
720575940564435300,ON SAC,423.084,862.965,-16.5818,420.352,862.304,8.28
720575940564421339,ON SAC,797.89,196.456,-18.6972,800.112,193.088,53.16
720575940564402401,ON SAC,675.843,953.701,-14.5176,676.192,951.76,15.48
720575940564402333,ON SAC,615.38,519.737,-13.4037,613.168,514.176,19.96
720575940564334829,ON SAC,1025.47,678.457,-13.2589,1023.648,674.704,23.76
720575940564311709,ON SAC,693.815,284.932,-15.0094,689.008,284.176,40.24
720575940564309403,ON SAC,484.003,585.28,-14.4582,481.232,580.464,12.24
720575940564465179,ON SAC,589.207,148.026,-20.8344,589.28,144.32,54.84
720575940558199424,ON SAC,220.493,523.963,-12.4696,216.48,515.616,26.24
720575940562292942,ON SAC,1082.27,656.744,-13.8163,1083.264,653.184,28.76
720575940562252719,ON SAC,571.648,743.995,-12.4047,568.656,738.72,18.64
720575940559774600,ON SAC,539.684,398.261,-14.1896,538.32,391.68,19.64
720575940559773317,ON SAC,408.072,599.381,-16.8306,405.36,593.952,11.2
720575940559691153,ON SAC,533.157,964.89,-15.3156,530.656,962.544,15.4
720575940559687045,ON SAC,562.538,652.102,-13.1437,560.128,647.28,16.24
720575940559672523,ON SAC,194.793,507.516,-16.4913,189.76,503.648,27.32
720575940559629915,ON SAC,738.117,181.462,-17.5252,738.224,175.776,56.88
720575940559615789,ON SAC,904.953,452.191,-15.9558,904.992,447.424,24.96
720575940559578972,ON SAC,659.85,465.08,-14.1398,658.56,460.608,24.08
720575940559558707,ON SAC,330.208,627.494,-15.5928,325.344,620.912,10.88
720575940559558491,ON SAC,580.931,414.912,-12.9773,580.288,410.64,21.96
720575940559539530,ON SAC,521.763,399.669,-13.024,520.0,394.208,23.24
720575940559524403,ON SAC,863.078,688.786,-14.4196,864.16,687.552,18.92
720575940559519722,ON SAC,319.77,795.097,-15.6605,316.416,788.976,8.92
720575940559458908,ON SAC,792.474,405.98,-13.9377,791.44,403.072,33.08
720575940559415687,ON SAC,495.039,206.98,-20.7544,494.176,202.32,46.2
720575940559822570,ON SAC,1059.41,1006.98,-13.2391,1059.376,1001.552,39.96
720575940559865187,ON SAC,384.621,341.797,-14.628,382.224,334.0,33.36
720575940559896411,ON SAC,392.035,515.912,-18.282,385.84,513.792,8.56
720575940559897418,ON SAC,510.445,466.569,-15.8396,508.56,461.472,14.04
720575940560333003,ON SAC,325.426,527.791,-17.1719,319.376,520.336,12.76
720575940560327304,ON SAC,829.189,552.882,-12.3491,826.432,551.376,27.8
720575940560302472,ON SAC,684.799,790.599,-12.5178,679.216,783.168,21.92
720575940560255633,ON SAC,698.898,1009.04,-15.3243,696.528,1005.888,18.6
720575940560215900,ON SAC,231.323,442.143,-11.9143,224.976,436.032,30.36
720575940560209797,ON SAC,649.504,221.459,-16.6142,648.704,218.688,54.76
720575940560159562,ON SAC,533.666,157.439,-17.2081,531.664,152.992,58.88
720575940559406727,ON SAC,432.421,759.838,-15.8858,428.832,757.552,12.24
720575940560117482,ON SAC,395.531,474.89,-17.0893,391.68,470.304,12.56
720575940560061643,ON SAC,176.53,489.504,-17.1803,173.008,485.808,33.84
720575940560002861,ON SAC,511.355,196.308,-18.5133,510.88,193.84,53.16
720575940559984685,ON SAC,514.815,356.813,-18.2007,514.368,350.496,20.08
720575940559973212,ON SAC,737.951,706.301,-13.1936,737.2,702.832,23.04
720575940559944284,ON SAC,491.364,964.46,-15.006,487.776,966.144,16.12
720575940559928419,ON SAC,218.544,387.859,-16.9177,214.336,381.52,40.92
720575940559902853,ON SAC,367.797,671.862,-15.0628,365.184,667.184,11.44
720575940560110539,ON SAC,863.846,948.296,-13.995,863.872,946.096,21.88
720575940559401109,ON SAC,577.987,837.123,-17.2857,575.648,836.048,13.48
720575940559348269,ON SAC,640.794,978.182,-13.2739,636.928,976.816,19.76
720575940559318061,ON SAC,220.4,510.165,-12.0984,212.528,505.808,27.44
720575940558874123,ON SAC,819.646,1085.53,-16.0901,818.112,1084.032,24.88
720575940558832617,ON SAC,667.489,1023.87,-12.0676,664.544,1019.104,22.92
720575940558818605,ON SAC,223.159,706.039,-14.8277,216.736,705.456,17.0
720575940558767253,ON SAC,728.015,285.94,-19.9403,725.856,282.8,38.88
720575940558745146,ON SAC,115.666,405.598,-27.2696,111.904,402.784,58.36
720575940558730810,ON SAC,143.87,430.348,-23.327,141.056,427.744,47.8
720575940558701528,ON SAC,1005.73,801.669,-10.9504,999.84,798.976,19.24
720575940558893323,ON SAC,904.591,812.221,-14.5481,904.208,812.08,14.48
720575940558682534,ON SAC,589.856,291.587,-15.3256,588.624,288.336,38.04
720575940558521125,ON SAC,150.749,708.284,-14.6315,148.896,705.632,24.92
720575940558384775,ON SAC,242.176,615.358,-17.8595,239.904,614.752,11.88
720575940558359524,ON SAC,539.954,289.423,-18.0232,540.24,286.976,28.92
720575940558343263,ON SAC,879.536,746.169,-16.0037,878.864,740.992,19.24
720575940558318946,ON SAC,1043.51,1096.71,-15.824,1043.392,1092.432,42.56
720575940558261336,ON SAC,972.555,519.781,-14.1533,971.072,517.664,25.44
720575940558218729,ON SAC,549.292,234.918,-15.3751,551.44,228.576,42.28
720575940558535947,ON SAC,253.846,652.094,-14.3073,248.672,649.712,13.36
720575940560344667,ON SAC,521.938,972.701,-13.6947,518.16,972.704,15.24
720575940558910936,ON SAC,996.795,1090.87,-15.8935,995.376,1090.192,35.0
720575940558994837,ON SAC,290.559,793.104,-14.5267,288.32,790.8,8.16
720575940559305565,ON SAC,943.848,1005.05,-11.232,943.296,1001.968,26.8
720575940559278941,ON SAC,963.075,641.638,-15.7624,963.376,642.752,16.2
720575940559277222,ON SAC,258.874,406.581,-13.4261,252.304,407.52,29.0
720575940559256157,ON SAC,671.344,1026.98,-15.2653,672.72,1024.208,18.6
720575940559251434,ON SAC,658.918,499.26,-17.8241,658.288,495.536,21.16
720575940559249045,ON SAC,345.201,456.421,-13.1053,342.448,447.984,18.72
720575940559234349,ON SAC,626.424,883.102,-17.9874,624.304,882.128,13.44
720575940558933259,ON SAC,63.5146,953.738,-19.8974,65.968,950.544,55.96
720575940559177304,ON SAC,595.436,644.156,-12.8456,593.04,640.736,18.04
720575940559148433,ON SAC,487.018,612.49,-17.9984,484.704,607.344,7.6
720575940559122086,ON SAC,478.569,839.142,-16.1201,478.048,837.28,12.12
720575940559121752,ON SAC,250.978,704.59,-13.7981,244.096,700.352,13.84
720575940559113617,ON SAC,402.894,702.076,-14.7976,398.912,695.696,10.28
720575940559074340,ON SAC,471.699,653.17,-13.1833,471.664,647.968,14.32
720575940559040267,ON SAC,858.471,1024.6,-12.8437,853.52,1018.016,20.0
720575940559029464,ON SAC,78.5568,491.514,-22.6016,76.48,492.304,52.56
720575940559176755,ON SAC,761.582,407.342,-18.5021,761.344,404.304,29.64
720575940560391825,ON SAC,288.846,547.599,-19.9232,279.712,542.592,11.76
720575940560407685,ON SAC,960.986,998.006,-12.7505,959.808,995.088,25.6
720575940560423560,ON SAC,508.842,1046.26,-12.1626,507.456,1044.832,28.44
720575940561853134,ON SAC,834.97,758.543,-14.5696,835.072,755.632,20.48
720575940561780618,ON SAC,821.234,524.392,-13.5758,819.184,522.688,25.08
720575940561769707,ON SAC,710.233,1040.34,-15.8892,707.088,1037.424,21.68
720575940561755342,ON SAC,671.883,365.938,-15.3799,671.264,358.176,30.16
720575940561708478,ON SAC,397.393,234.382,-21.8378,394.656,227.84,45.76
720575940561702350,ON SAC,874.37,514.949,-13.7946,870.896,510.88,26.16
720575940561643755,ON SAC,876.168,288.172,-14.5569,875.856,282.384,46.04
720575940561867726,ON SAC,215.018,311.112,-19.4288,216.272,312.912,55.8
720575940561617131,ON SAC,732.653,749.135,-13.4643,733.408,746.096,15.6
720575940561580892,ON SAC,386.169,974.591,-15.2126,383.904,970.352,17.32
720575940561578259,ON SAC,1059.63,652.674,-12.2038,1059.808,649.344,27.0
720575940561562018,ON SAC,261.833,1024.09,-15.6054,260.512,1021.552,37.0
720575940561553427,ON SAC,1032.01,372.961,-19.1005,1030.848,372.816,54.32
720575940561506539,ON SAC,135.077,827.769,-13.2612,131.12,827.104,26.52
720575940561498597,ON SAC,684.829,188.606,-18.1023,683.856,183.904,52.92
720575940561410254,ON SAC,715.634,831.089,-15.9785,712.976,827.472,17.4
720575940561596651,ON SAC,993.178,638.828,-13.9449,991.808,639.744,16.64
720575940561380046,ON SAC,800.839,685.485,-13.2115,798.368,681.216,21.72
720575940561875773,ON SAC,755.818,394.468,-16.5186,755.936,390.88,26.96
720575940561943469,ON SAC,568.129,818.705,-14.2003,566.816,814.976,16.8
720575940562251678,ON SAC,1078.25,560.154,-14.4014,1078.704,558.368,33.08
720575940562215659,ON SAC,524.843,363.684,-12.7359,523.472,357.376,27.96
720575940562205134,ON SAC,862.177,487.982,-12.3021,859.632,484.272,31.4
720575940562176462,ON SAC,935.004,519.729,-14.6031,932.112,514.128,23.2
720575940562165710,ON SAC,950.519,540.926,-13.0626,952.32,539.632,22.08
720575940562163020,ON SAC,416.388,922.278,-17.0076,413.744,919.216,12.88
720575940562143230,ON SAC,925.471,331.227,-14.6007,924.864,327.808,45.12
720575940561878233,ON SAC,232.716,773.703,-17.0051,231.088,767.264,9.52
720575940562104140,ON SAC,509.958,734.896,-14.6897,508.688,730.736,14.76
720575940562076842,ON SAC,412.008,407.799,-11.5323,409.824,400.992,22.56
720575940562049100,ON SAC,359.486,592.054,-14.9255,354.672,589.904,13.0
720575940562017674,ON SAC,1075.27,752.146,-12.5153,1077.856,750.912,28.24
720575940562009994,ON SAC,964.203,826.352,-12.208,960.304,824.256,21.64
720575940561996505,ON SAC,816.256,170.425,-18.0885,818.576,166.336,57.52
720575940561973933,ON SAC,426.69,791.655,-15.7441,424.08,789.488,12.84
720575940561964750,ON SAC,887.425,865.725,-13.076,887.088,862.624,20.56
720575940562096716,ON SAC,485.724,770.405,-15.7062,480.928,767.936,8.44
720575940562277886,ON SAC,378.163,595.192,-14.459,373.536,588.144,10.92
720575940561362338,ON SAC,980.851,573.914,-13.8639,979.968,571.2,21.76
720575940561279068,ON SAC,896.332,629.045,-13.6798,894.608,628.784,17.84
720575940560743971,ON SAC,459.481,994.241,-14.642,453.824,992.08,22.04
720575940560733468,ON SAC,1083.47,666.753,-12.1788,1084.016,667.056,30.96
720575940560701157,ON SAC,320.229,314.436,-15.5287,316.688,311.136,39.72
720575940560691089,ON SAC,605.564,702.649,-12.7543,603.68,701.824,20.0
720575940560683467,ON SAC,429.94,828.487,-18.671,426.24,827.088,11.08
720575940560675813,ON SAC,805.701,709.91,-13.2996,804.944,705.824,22.28
720575940560668094,ON SAC,515.89,706.299,-14.3884,512.864,701.904,17.16
720575940560747548,ON SAC,1062.49,877.431,-14.1017,1060.08,873.84,28.12
720575940560666576,ON SAC,413.058,807.872,-14.2462,408.816,806.768,12.16
720575940560590800,ON SAC,820.982,348.576,-14.8578,818.464,343.136,39.8
720575940560523292,ON SAC,917.873,575.596,-12.4282,913.888,572.16,23.64
720575940560484188,ON SAC,839.816,1006.57,-13.9833,837.888,1005.696,17.72
720575940560480997,ON SAC,715.581,598.874,-12.8472,713.664,597.264,24.92
720575940560471953,ON SAC,137.582,540.999,-16.7971,132.864,539.328,35.44
720575940560464776,ON SAC,560.248,1073.24,-13.7693,558.704,1071.072,25.76
720575940560424382,ON SAC,778.029,308.134,-16.1879,777.44,304.448,39.64
720575940560628110,ON SAC,434.143,752.262,-17.5156,433.008,748.368,9.96
720575940561281713,ON SAC,207.448,624.016,-14.3146,201.408,618.752,19.0
720575940560768142,ON SAC,744.502,586.99,-12.2301,741.344,584.416,27.2
720575940560831950,ON SAC,382.532,1014.78,-13.9383,375.904,1010.56,23.96
720575940561243984,ON SAC,87.0541,781.876,-15.5468,87.552,777.136,38.24
720575940561231589,ON SAC,120.081,730.894,-15.1682,115.312,730.208,33.36
720575940561213669,ON SAC,139.145,598.486,-15.6265,134.656,596.464,32.16
720575940561210274,ON SAC,606.301,830.091,-12.4096,606.528,826.56,23.56
720575940561206686,ON SAC,342.922,843.959,-16.0136,340.976,845.168,4.04
720575940561177829,ON SAC,104.393,628.852,-14.4769,101.552,618.176,38.96
720575940561167440,ON SAC,445.711,1031.25,-12.9063,442.752,1026.768,25.28
720575940560779027,ON SAC,736.956,159.367,-19.1224,736.32,155.264,54.92
720575940561152746,ON SAC,483.642,918.085,-14.3291,480.912,915.344,13.76
720575940561045852,ON SAC,327.435,344.667,-18.4901,324.352,342.608,29.76
720575940561031614,ON SAC,296.535,579.222,-14.4725,291.392,576.672,17.76
720575940561010110,ON SAC,555.219,773.41,-14.0187,555.664,769.936,12.6
720575940560936398,ON SAC,388.787,773.763,-14.9463,386.992,775.568,4.84
720575940560861157,ON SAC,921.906,266.118,-18.1916,917.6,265.168,52.12
720575940560858062,ON SAC,441.911,775.334,-16.4898,438.688,770.912,9.36
720575940560846242,ON SAC,327.415,941.923,-14.4451,324.784,941.712,14.12
720575940561050859,ON SAC,737.599,532.556,-15.2751,736.784,529.072,22.0
720575940589550228,ON SAC,536.973,674.32,-14.092,533.456,671.024,16.24
